-- Adminer 4.3.1 MySQL dump

SET NAMES utf8;
SET time_zone = '+00:00';
SET foreign_key_checks = 0;
SET sql_mode = 'NO_AUTO_VALUE_ON_ZERO';

SET NAMES utf8mb4;

DROP TABLE IF EXISTS `migrations`;
CREATE TABLE `migrations` (
  `id` int(10) unsigned NOT NULL AUTO_INCREMENT,
  `migration` varchar(255) COLLATE utf8mb4_unicode_ci NOT NULL,
  `batch` int(11) NOT NULL,
  PRIMARY KEY (`id`)
) ENGINE=InnoDB DEFAULT CHARSET=utf8mb4 COLLATE=utf8mb4_unicode_ci;

INSERT INTO `migrations` (`id`, `migration`, `batch`) VALUES
(5,	'2014_10_12_000000_create_users_table',	1),
(6,	'2014_10_12_100000_create_password_resets_table',	1),
(7,	'2017_12_28_091235_create_products_table',	1),
(8,	'2017_12_28_091303_create_reviews_table',	1);

DROP TABLE IF EXISTS `password_resets`;
CREATE TABLE `password_resets` (
  `email` varchar(255) COLLATE utf8mb4_unicode_ci NOT NULL,
  `token` varchar(255) COLLATE utf8mb4_unicode_ci NOT NULL,
  `created_at` timestamp NULL DEFAULT NULL,
  KEY `password_resets_email_index` (`email`)
) ENGINE=InnoDB DEFAULT CHARSET=utf8mb4 COLLATE=utf8mb4_unicode_ci;


DROP TABLE IF EXISTS `products`;
CREATE TABLE `products` (
  `id` int(10) unsigned NOT NULL AUTO_INCREMENT,
  `name` varchar(255) COLLATE utf8mb4_unicode_ci NOT NULL,
  `detail` text COLLATE utf8mb4_unicode_ci NOT NULL,
  `price` int(11) NOT NULL,
  `stock` int(11) NOT NULL,
  `discount` int(11) NOT NULL,
  `created_at` timestamp NULL DEFAULT NULL,
  `updated_at` timestamp NULL DEFAULT NULL,
  PRIMARY KEY (`id`)
) ENGINE=InnoDB DEFAULT CHARSET=utf8mb4 COLLATE=utf8mb4_unicode_ci;

INSERT INTO `products` (`id`, `name`, `detail`, `price`, `stock`, `discount`, `created_at`, `updated_at`) VALUES
(1,	'nemo',	'Sint iusto expedita odit. Velit repudiandae temporibus illo. At numquam ab et quo repellendus cumque iste. Culpa voluptas error accusantium ea qui qui.',	474,	3,	27,	'2017-12-28 06:28:00',	'2017-12-28 06:28:00'),
(2,	'eum',	'Tempore cupiditate a ipsam nesciunt. Atque optio quaerat autem quis est. Quo molestias eligendi ipsam consequatur velit.',	998,	3,	3,	'2017-12-28 06:28:00',	'2017-12-28 06:28:00'),
(3,	'optio',	'Aut quo iste mollitia praesentium minima expedita. Non consequatur aut soluta voluptas eius et cum. Molestias inventore qui excepturi ullam.',	730,	0,	57,	'2017-12-28 06:28:00',	'2017-12-28 06:28:00'),
(4,	'ab',	'Excepturi facilis non error aut. Et earum tenetur nihil officiis est. Et id exercitationem nobis et rem nesciunt quia.',	372,	1,	24,	'2017-12-28 06:28:00',	'2017-12-28 06:28:00'),
(5,	'occaecati',	'Iure voluptas nihil atque consequatur. Est eligendi maxime culpa non itaque libero. Aliquam incidunt asperiores repellendus perferendis perspiciatis. Sapiente ut odit cum et vero.',	318,	9,	16,	'2017-12-28 06:28:00',	'2017-12-28 06:28:00'),
(6,	'illum',	'Ducimus sit incidunt rem possimus ut hic quos quod. Officiis voluptatem ex animi qui. Error eveniet necessitatibus et qui qui iure et.',	226,	5,	30,	'2017-12-28 06:28:00',	'2017-12-28 06:28:00'),
(7,	'dignissimos',	'Aut praesentium dolor fugit et iusto dolorem dignissimos velit. Omnis aut aut eius et voluptate rerum. Ut velit laudantium nemo deserunt consequatur. Sapiente pariatur nemo facere ullam pariatur incidunt omnis. Eligendi qui quo sint minus suscipit similique eaque harum.',	326,	3,	4,	'2017-12-28 06:28:00',	'2017-12-28 06:28:00'),
(8,	'soluta',	'Itaque illo ut repudiandae dolorum. Necessitatibus natus qui quia nemo nam. Libero adipisci magni error laboriosam. Ad labore adipisci at nam alias cumque nisi.',	834,	5,	36,	'2017-12-28 06:28:00',	'2017-12-28 06:28:00'),
(9,	'fugiat',	'Et vero voluptatibus aut nemo. Distinctio praesentium fuga ipsum atque voluptatem voluptas sunt saepe. Laudantium ut culpa rerum nihil. Modi sit est iusto vel.',	950,	6,	2,	'2017-12-28 06:28:00',	'2017-12-28 06:28:00'),
(10,	'nihil',	'Nulla odit vitae qui officiis dolorem doloribus. Sit qui vel ullam eveniet impedit. Ipsa ut hic molestiae ratione qui numquam. Praesentium ea voluptatibus quia ducimus et perspiciatis. Quam sit officia placeat magni.',	702,	8,	38,	'2017-12-28 06:28:01',	'2017-12-28 06:28:01'),
(11,	'officiis',	'Et corporis tempora sit officia laudantium. Explicabo ipsam et voluptate iste. Velit ex at quam amet ex et. Magni in tempore excepturi et et eaque.',	410,	3,	32,	'2017-12-28 06:28:01',	'2017-12-28 06:28:01'),
(12,	'omnis',	'Veniam molestiae eveniet atque assumenda nostrum nihil nam. Sit occaecati ut dolores. Eos nihil sunt nam quae voluptate aut.',	421,	4,	37,	'2017-12-28 06:28:01',	'2017-12-28 06:28:01'),
(13,	'suscipit',	'Est vel optio adipisci quam numquam quos. Consequuntur sint id autem sit provident sed. Autem accusamus veniam accusantium dolorem est consequuntur aut. Ullam possimus omnis veritatis mollitia. Nihil ad cupiditate ut.',	400,	5,	58,	'2017-12-28 06:28:01',	'2017-12-28 06:28:01'),
(14,	'corrupti',	'Eum rem est qui. Assumenda et consequatur dignissimos in consectetur illo assumenda. Ut officiis quia velit.',	449,	5,	7,	'2017-12-28 06:28:01',	'2017-12-28 06:28:01'),
(15,	'eligendi',	'Dicta delectus nemo commodi quia sunt. Ut quibusdam non veniam corporis et provident. Ut veniam dolores quos excepturi minima consequatur.',	664,	4,	5,	'2017-12-28 06:28:01',	'2017-12-28 06:28:01'),
(16,	'et',	'Aut delectus ea similique. Voluptas eum et eum. Repellat nihil est qui alias laudantium. Animi vel aut et. Accusamus vero et ad voluptatem et.',	149,	6,	14,	'2017-12-28 06:28:01',	'2017-12-28 06:28:01'),
(17,	'ut',	'Tenetur deleniti et maxime sed ut nesciunt sit. Exercitationem aut minima pariatur voluptas sit sapiente labore. Reprehenderit accusantium dolorem eum possimus qui. Eos nulla neque perferendis ratione id.',	675,	8,	26,	'2017-12-28 06:28:01',	'2017-12-28 06:28:01'),
(18,	'et',	'Dignissimos similique tenetur quaerat adipisci ut repudiandae dolorem. Non placeat est eum magnam et ad. Corporis non nemo autem et officia repellat molestias.',	556,	9,	47,	'2017-12-28 06:28:01',	'2017-12-28 06:28:01'),
(19,	'impedit',	'Quasi qui dolores sed consectetur omnis expedita dicta. Est aut ducimus laborum rem et. Ea ab nam ducimus est voluptatibus. Et totam ad ab vel est necessitatibus labore.',	296,	6,	20,	'2017-12-28 06:28:01',	'2017-12-28 06:28:01'),
(20,	'accusantium',	'Repudiandae nesciunt eos dolores tenetur doloremque. Magni molestias mollitia ut totam ipsam voluptatem minus. Molestiae autem nisi eos quis ullam corporis. Rerum beatae dolorum voluptas amet.',	954,	0,	37,	'2017-12-28 06:28:01',	'2017-12-28 06:28:01'),
(21,	'neque',	'Sed nam laboriosam sapiente quasi. Ea nam est enim ipsum harum ut labore. Quo dolore corrupti id et. Nihil sequi et repudiandae omnis voluptas et.',	925,	5,	35,	'2017-12-28 06:28:01',	'2017-12-28 06:28:01'),
(22,	'aliquid',	'Non eum sed praesentium est sequi. Laboriosam autem nobis laboriosam quod sint cupiditate autem. Eum nobis autem similique labore.',	979,	9,	38,	'2017-12-28 06:28:01',	'2017-12-28 06:28:01'),
(23,	'non',	'Nisi possimus vel voluptatem veniam odio vel dicta. Id dolorem est neque eos ut. Reiciendis sit nostrum tempora. Ipsam sunt iure et iste voluptatem a rem.',	476,	9,	25,	'2017-12-28 06:28:01',	'2017-12-28 06:28:01'),
(24,	'quia',	'Tempora voluptatibus quis voluptatem enim. In eum perspiciatis eum expedita. Quidem quis molestiae dolores qui omnis.',	662,	1,	45,	'2017-12-28 06:28:01',	'2017-12-28 06:28:01'),
(25,	'modi',	'Nesciunt repudiandae qui modi explicabo facere et molestiae. Sequi nemo est accusantium omnis. Modi maiores aut ex quasi velit impedit quas.',	488,	2,	48,	'2017-12-28 06:28:01',	'2017-12-28 06:28:01'),
(26,	'natus',	'Quaerat atque eos dignissimos accusantium corrupti harum. Et dolor dolor recusandae est rerum ut aliquid. Nam incidunt recusandae dolorem blanditiis officiis enim sequi officia.',	274,	6,	6,	'2017-12-28 06:28:01',	'2017-12-28 06:28:01'),
(27,	'sapiente',	'Alias et suscipit adipisci laudantium pariatur et. Maiores fugit et animi dolor. Est eum illo laboriosam vero aspernatur aut voluptatem.',	168,	3,	55,	'2017-12-28 06:28:01',	'2017-12-28 06:28:01'),
(28,	'porro',	'Voluptas qui officia dolores sit et. Necessitatibus quas assumenda tenetur est velit vero ea. Sed ut voluptatem ea maxime dolores nemo. Dolorem repellat reprehenderit numquam.',	323,	4,	35,	'2017-12-28 06:28:01',	'2017-12-28 06:28:01'),
(29,	'provident',	'Iure recusandae facere et consequuntur numquam quis. Est laboriosam pariatur dolore adipisci consectetur vel ut.',	618,	8,	6,	'2017-12-28 06:28:01',	'2017-12-28 06:28:01'),
(30,	'corrupti',	'Aut est et culpa sequi non optio. Iusto sint sunt eum sint. A earum molestiae vitae.',	134,	0,	9,	'2017-12-28 06:28:01',	'2017-12-28 06:28:01'),
(31,	'ex',	'Consequatur eum eius cupiditate nostrum soluta ipsa. Ipsum non aliquam et delectus facere. Numquam eos repellat dolorum sit. Aut itaque non vitae quam ut. Assumenda ad est sed est sint pariatur nisi.',	335,	0,	59,	'2017-12-28 06:28:01',	'2017-12-28 06:28:01'),
(32,	'fuga',	'Qui consequatur deserunt molestiae sequi rerum labore facilis. Tempore commodi iure dolorem consectetur voluptas. Voluptatibus numquam a quo voluptatibus et soluta repellendus.',	106,	6,	27,	'2017-12-28 06:28:01',	'2017-12-28 06:28:01'),
(33,	'accusantium',	'Ut nemo debitis eum qui nemo velit. Qui totam voluptates voluptatem voluptate. Quo asperiores nihil et deserunt.',	153,	0,	49,	'2017-12-28 06:28:01',	'2017-12-28 06:28:01'),
(34,	'necessitatibus',	'Veritatis voluptatem hic molestiae sed. Consectetur molestiae nulla sit ut id assumenda sint. Odit doloribus alias ad beatae. Aut molestiae ab ipsa tempore fugit.',	299,	7,	8,	'2017-12-28 06:28:02',	'2017-12-28 06:28:02'),
(35,	'numquam',	'Sit sint sit non neque neque provident incidunt. Dolor rem placeat ipsam est sequi est. Ut repellendus quaerat quia iste ipsum animi quam a.',	774,	6,	39,	'2017-12-28 06:28:02',	'2017-12-28 06:28:02'),
(36,	'quia',	'Voluptas qui vero at. Quibusdam exercitationem ut repudiandae voluptatem minus dolores. Amet sit est qui ipsa commodi et at. Cum saepe hic omnis excepturi explicabo minima vel. Ut tempore sit omnis rem qui id est consequatur.',	823,	8,	17,	'2017-12-28 06:28:02',	'2017-12-28 06:28:02'),
(37,	'aliquam',	'Dicta voluptatem et qui dolores quia tempora a. Quo eum omnis et et aliquam suscipit dolores. Aspernatur atque optio dolorem et vitae. Laudantium ut sit aut velit aut molestias.',	725,	5,	40,	'2017-12-28 06:28:02',	'2017-12-28 06:28:02'),
(38,	'debitis',	'Consequatur numquam architecto sit. Et quas dolorem qui consequatur. Tempora repellat repellat quam dolorem occaecati est.',	117,	5,	58,	'2017-12-28 06:28:02',	'2017-12-28 06:28:02'),
(39,	'sunt',	'Commodi non aut velit et voluptatibus perspiciatis corrupti sunt. Nam eum sunt molestiae accusantium placeat beatae. Ex aliquam maxime voluptatem et.',	325,	0,	54,	'2017-12-28 06:28:02',	'2017-12-28 06:28:02'),
(40,	'nihil',	'Qui quos sed sint veritatis. Tempore assumenda assumenda dolore nostrum est ratione doloribus. Necessitatibus et rem quidem odio.',	690,	6,	37,	'2017-12-28 06:28:02',	'2017-12-28 06:28:02'),
(41,	'iure',	'Dolorem tenetur ipsa asperiores. Et fuga autem dicta consequatur placeat fugit consequatur debitis. Ipsam ea magnam voluptatem ratione dolor perspiciatis.',	210,	7,	24,	'2017-12-28 06:28:02',	'2017-12-28 06:28:02'),
(42,	'consequatur',	'Voluptatem doloribus quo ullam nemo recusandae. Earum ut harum sint consequuntur libero. Consequatur itaque et voluptas explicabo.',	631,	6,	7,	'2017-12-28 06:28:02',	'2017-12-28 06:28:02'),
(43,	'enim',	'Facere alias voluptates harum excepturi. Perferendis ipsum est et culpa. Aut fugit ipsa est eveniet qui veniam.',	635,	1,	48,	'2017-12-28 06:28:02',	'2017-12-28 06:28:02'),
(44,	'voluptatem',	'Ut in ut quis accusantium quia. Laborum aut doloribus qui id. Tempore maxime laborum eum cum consequatur fuga vitae. Modi nisi ratione nesciunt mollitia occaecati. Sit sint sit omnis et.',	750,	1,	60,	'2017-12-28 06:28:02',	'2017-12-28 06:28:02'),
(45,	'est',	'Laboriosam nesciunt sunt exercitationem incidunt voluptas repellat. Voluptas quia unde quia est occaecati voluptatem aut hic. Ut necessitatibus quibusdam explicabo dolorum.',	212,	3,	18,	'2017-12-28 06:28:02',	'2017-12-28 06:28:02'),
(46,	'nostrum',	'Optio error ratione ullam delectus commodi nihil quam eum. Aperiam et magnam modi dolore laboriosam. Corrupti suscipit asperiores expedita suscipit.',	767,	8,	55,	'2017-12-28 06:28:02',	'2017-12-28 06:28:02'),
(47,	'reiciendis',	'Magnam beatae nisi velit ducimus. Quia est veritatis recusandae maxime. Quam id possimus illo qui eum.',	866,	4,	35,	'2017-12-28 06:28:02',	'2017-12-28 06:28:02'),
(48,	'id',	'Minima aperiam harum quis molestias culpa sint voluptatem. Ad ab perspiciatis laboriosam minus est. Voluptate vel cupiditate exercitationem placeat vitae. Inventore molestiae numquam voluptatem.',	658,	8,	42,	'2017-12-28 06:28:02',	'2017-12-28 06:28:02'),
(49,	'ducimus',	'Consequatur est atque illo sit. Quia quasi nam dignissimos ullam dolorem vel. Accusantium eaque corrupti in dolores vitae. Cum officiis neque eos qui et.',	664,	9,	3,	'2017-12-28 06:28:02',	'2017-12-28 06:28:02'),
(50,	'adipisci',	'Corrupti nobis omnis ullam doloribus optio aliquam. Et qui corrupti deleniti placeat est commodi fugiat. Et non maxime odit modi. Voluptatibus tenetur recusandae unde rerum provident rerum qui.',	810,	7,	2,	'2017-12-28 06:28:02',	'2017-12-28 06:28:02');

DROP TABLE IF EXISTS `reviews`;
CREATE TABLE `reviews` (
  `id` int(10) unsigned NOT NULL AUTO_INCREMENT,
  `customer` varchar(255) COLLATE utf8mb4_unicode_ci NOT NULL,
  `review` text COLLATE utf8mb4_unicode_ci NOT NULL,
  `star` int(11) NOT NULL,
  `product_id` int(10) unsigned NOT NULL,
  `created_at` timestamp NULL DEFAULT NULL,
  `updated_at` timestamp NULL DEFAULT NULL,
  PRIMARY KEY (`id`),
  KEY `reviews_product_id_index` (`product_id`),
  CONSTRAINT `reviews_product_id_foreign` FOREIGN KEY (`product_id`) REFERENCES `products` (`id`) ON DELETE CASCADE
) ENGINE=InnoDB DEFAULT CHARSET=utf8mb4 COLLATE=utf8mb4_unicode_ci;

INSERT INTO `reviews` (`id`, `customer`, `review`, `star`, `product_id`, `created_at`, `updated_at`) VALUES
(1,	'Alford VonRueden',	'Aut nisi ut assumenda commodi. Aspernatur at tempora debitis sit laboriosam ad vitae. Est sit et culpa libero excepturi. Ratione optio distinctio corporis tempore esse.',	5,	30,	'2017-12-28 06:28:03',	'2017-12-28 06:28:03'),
(2,	'Clemens Hoeger',	'Est explicabo eveniet placeat accusantium vitae voluptate. Sit et sit placeat excepturi veniam placeat laboriosam. Dolor nostrum ut atque atque impedit dignissimos qui. Rem cum molestias quis illo.',	3,	38,	'2017-12-28 06:28:03',	'2017-12-28 06:28:03'),
(3,	'Pete Nolan',	'Eum modi labore hic ullam ut sed vitae. In hic aliquid dolor ut placeat delectus ut enim. Nostrum corrupti officia explicabo hic. Qui similique quia aut fugiat libero.',	0,	20,	'2017-12-28 06:28:03',	'2017-12-28 06:28:03'),
(4,	'Jaquan Langworth',	'Iusto quia velit exercitationem enim error id. Neque iste nam et ab necessitatibus velit. Facilis deleniti laborum suscipit dolor deleniti.',	1,	28,	'2017-12-28 06:28:04',	'2017-12-28 06:28:04'),
(5,	'Ed Rutherford',	'Reprehenderit sunt molestiae velit eaque tempore. Impedit praesentium occaecati nulla. Perspiciatis corporis odit accusantium molestiae.',	5,	41,	'2017-12-28 06:28:04',	'2017-12-28 06:28:04'),
(6,	'Bryce Tillman',	'In dolorum quia et ipsam suscipit totam mollitia. Nihil qui pariatur error et officia dolores non. Doloremque dolor possimus quis officiis sint.',	1,	23,	'2017-12-28 06:28:04',	'2017-12-28 06:28:04'),
(7,	'Alec White III',	'Id aut ea omnis et veritatis. Voluptatem enim laborum aliquid et vitae esse reiciendis. Provident ut veritatis enim hic ea. Nesciunt dolorem incidunt sunt quod voluptas ut voluptatem.',	2,	26,	'2017-12-28 06:28:04',	'2017-12-28 06:28:04'),
(8,	'Diamond Grimes',	'Repudiandae dolor recusandae ab quaerat. Et magni ab nesciunt et. Sint illo id facere.',	2,	6,	'2017-12-28 06:28:04',	'2017-12-28 06:28:04'),
(9,	'Wade Ullrich',	'Possimus et doloribus in voluptas dolores. Enim velit aliquid animi. Expedita expedita officia culpa blanditiis. Asperiores rem optio ducimus consequatur dolor libero.',	2,	47,	'2017-12-28 06:28:04',	'2017-12-28 06:28:04'),
(10,	'Miss Ashlynn Bartell IV',	'Incidunt sint ipsam excepturi et. Consequatur quisquam eaque dolorum ea tenetur sequi omnis perspiciatis. Expedita iusto rem delectus alias ut.',	5,	7,	'2017-12-28 06:28:04',	'2017-12-28 06:28:04'),
(11,	'Austin Weber',	'Accusamus in est autem distinctio dolorem sunt. Id voluptatum corporis beatae consectetur. Reprehenderit saepe ad voluptate.',	5,	11,	'2017-12-28 06:28:04',	'2017-12-28 06:28:04'),
(12,	'Lottie Conn',	'Ratione quia totam voluptate sed voluptatem fuga veritatis. Totam dolor ut consequuntur deserunt aut iusto provident. Quasi nostrum cupiditate ex earum soluta provident odio.',	5,	27,	'2017-12-28 06:28:04',	'2017-12-28 06:28:04'),
(13,	'Calista Streich',	'Excepturi officia dicta vitae corrupti commodi animi cum. Itaque sint harum quis quia sit sequi cumque. Recusandae ad quaerat sed iusto et. Quo ullam suscipit est praesentium.',	3,	13,	'2017-12-28 06:28:04',	'2017-12-28 06:28:04'),
(14,	'Mrs. Yolanda Reichert',	'Ut minima voluptatem sint deserunt nisi consequuntur sint. Ut et quo autem qui consequatur dolor fugit. Neque quae quia facere eaque est eos quo.',	5,	34,	'2017-12-28 06:28:04',	'2017-12-28 06:28:04'),
(15,	'Kathleen O\'Kon PhD',	'Porro sint ea consectetur omnis. Doloribus nulla deleniti dolor veritatis harum ratione. Vel quod cum veniam consequatur molestiae explicabo. Ducimus qui expedita quasi asperiores.',	0,	15,	'2017-12-28 06:28:04',	'2017-12-28 06:28:04'),
(16,	'Justina Pollich DDS',	'Alias id eaque earum esse molestiae itaque totam. Possimus nemo unde sit nobis harum voluptatibus quod pariatur. Deleniti error culpa excepturi ut laudantium. Consequatur omnis quia doloribus consequuntur est.',	0,	30,	'2017-12-28 06:28:04',	'2017-12-28 06:28:04'),
(17,	'Andreanne Schamberger',	'Modi non dolor quasi unde. Consequatur amet cum incidunt in ipsam qui id. Veniam nesciunt non voluptatem nihil nulla. Libero voluptatem possimus quis voluptatum dolore suscipit voluptatem. Aut nostrum voluptates temporibus velit earum id placeat sint.',	1,	27,	'2017-12-28 06:28:04',	'2017-12-28 06:28:04'),
(18,	'Zaria Christiansen',	'Non in aliquam commodi mollitia vero. Itaque asperiores labore explicabo nihil voluptates quibusdam. Nemo voluptatibus et est.',	1,	25,	'2017-12-28 06:28:05',	'2017-12-28 06:28:05'),
(19,	'Ms. Jeanette Beatty I',	'Dolores neque provident eligendi. Consequatur nam velit placeat repellendus repellendus laudantium omnis. Ea veritatis assumenda ratione numquam. Deleniti aut sit quae error repellendus doloribus. Accusantium et id perferendis laboriosam.',	3,	30,	'2017-12-28 06:28:05',	'2017-12-28 06:28:05'),
(20,	'Okey Lockman',	'Expedita quas totam asperiores voluptas quia officiis velit. Qui quas laboriosam aut labore. Eum corrupti laboriosam voluptas. Sed necessitatibus odio sit accusamus iure. Eos aut vel et eum aut.',	1,	5,	'2017-12-28 06:28:05',	'2017-12-28 06:28:05'),
(21,	'Noelia Kihn V',	'Velit delectus enim aut beatae. Amet ipsam suscipit animi excepturi. Tempore sed in nemo assumenda magnam enim omnis.',	3,	5,	'2017-12-28 06:28:05',	'2017-12-28 06:28:05'),
(22,	'Mr. Robbie Gusikowski IV',	'Velit ad vel ab reiciendis cupiditate quibusdam quisquam. Harum rerum et neque deserunt sed. Quae error explicabo nesciunt placeat eum. Aperiam doloremque reiciendis enim.',	0,	15,	'2017-12-28 06:28:05',	'2017-12-28 06:28:05'),
(23,	'Frankie Glover',	'Voluptatem temporibus non cum repellat unde nemo. Veritatis nulla quaerat temporibus error quia.',	5,	33,	'2017-12-28 06:28:05',	'2017-12-28 06:28:05'),
(24,	'Mr. Coty Hoppe',	'Et in omnis et corporis repellat sed ut. Quia qui ad ut libero aut porro sunt. Enim officia in enim est.',	0,	46,	'2017-12-28 06:28:05',	'2017-12-28 06:28:05'),
(25,	'Gregoria Wiegand',	'Eum inventore et sint officiis non voluptas quo. Eum occaecati animi odio consequatur porro aut ea. Pariatur voluptatibus ipsam quam qui in dolor optio. Numquam a blanditiis quibusdam nisi fugit. Possimus recusandae aliquam voluptas enim quo.',	3,	3,	'2017-12-28 06:28:05',	'2017-12-28 06:28:05'),
(26,	'Mohamed Kuhn',	'Voluptatum ut fuga dolorem. Consequuntur quaerat similique ipsum est et et quia. Tempore atque nostrum consequatur rerum iste nesciunt necessitatibus. Ut corrupti assumenda est. Excepturi est totam reiciendis odio temporibus perspiciatis.',	0,	48,	'2017-12-28 06:28:05',	'2017-12-28 06:28:05'),
(27,	'Dr. Erna Bode',	'Et soluta quia iste asperiores rem iste quis nesciunt. Veritatis eos odio porro voluptatem in qui. Optio iste eligendi velit animi.',	5,	5,	'2017-12-28 06:28:05',	'2017-12-28 06:28:05'),
(28,	'Watson Willms',	'Est doloribus odio et optio cumque. Nihil voluptatem autem suscipit et. Soluta suscipit exercitationem non tempora.',	5,	28,	'2017-12-28 06:28:05',	'2017-12-28 06:28:05'),
(29,	'Jody Simonis',	'Molestias veniam facere autem aut. Culpa sed officiis nostrum autem. Autem recusandae aut nulla aut reiciendis suscipit.',	4,	25,	'2017-12-28 06:28:05',	'2017-12-28 06:28:05'),
(30,	'Janie Schimmel V',	'Amet qui dolores rerum corporis. Soluta animi odit provident dolor necessitatibus doloremque enim quos. Tenetur aperiam distinctio inventore soluta fugiat a sit.',	4,	6,	'2017-12-28 06:28:05',	'2017-12-28 06:28:05'),
(31,	'Kyra Gerhold',	'Rem modi dolorem aut id dolorum sit in. Quidem deserunt ut dolore.',	3,	16,	'2017-12-28 06:28:05',	'2017-12-28 06:28:05'),
(32,	'Mr. Dedric Simonis',	'Vero omnis sint corrupti odit expedita itaque inventore molestias. Aut dolorum omnis excepturi. Minima molestias eos molestiae laborum maxime aperiam delectus iste. Cum delectus pariatur laboriosam animi cumque assumenda.',	3,	29,	'2017-12-28 06:28:05',	'2017-12-28 06:28:05'),
(33,	'Mrs. Aniya Balistreri',	'Minima sed mollitia distinctio voluptatem. Dolores omnis sint hic et. Ut consequuntur fugit esse quasi commodi a et. Odio qui quisquam aut accusamus corporis.',	1,	1,	'2017-12-28 06:28:05',	'2017-12-28 06:28:05'),
(34,	'Daryl Thompson',	'Autem at id mollitia est quis. Quidem nobis quia qui recusandae. Nisi at suscipit est velit.',	3,	13,	'2017-12-28 06:28:05',	'2017-12-28 06:28:05'),
(35,	'Prof. Vivien Emmerich II',	'Sit aut repellendus corporis quo delectus. Provident accusantium delectus atque adipisci sint hic. Non quibusdam repellendus et neque quae similique laudantium. Blanditiis veniam consequatur asperiores fugit esse voluptatum molestias.',	4,	15,	'2017-12-28 06:28:05',	'2017-12-28 06:28:05'),
(36,	'Cathrine Blanda',	'Perspiciatis exercitationem dolorum eius aut tempora dolore et. Repellendus dolorem minus natus dicta. Odit veniam laudantium et quasi qui nesciunt ipsam. Voluptas est ex et est sit voluptate.',	3,	36,	'2017-12-28 06:28:05',	'2017-12-28 06:28:05'),
(37,	'Prof. Hillard Kreiger DDS',	'Modi dolores et sapiente qui. Deserunt rerum inventore saepe doloremque ipsa non possimus. Omnis laborum occaecati tenetur illo et. Vel exercitationem dolor consequatur dolore enim et corrupti. Sapiente eos sunt eaque soluta dolore provident.',	2,	10,	'2017-12-28 06:28:05',	'2017-12-28 06:28:05'),
(38,	'Pearl Ankunding',	'Nihil nostrum ad animi excepturi qui cum unde molestiae. Voluptas dolor temporibus quaerat a. Eum doloremque dolorem aut esse deleniti. Ut magnam dolores omnis nihil.',	5,	48,	'2017-12-28 06:28:05',	'2017-12-28 06:28:05'),
(39,	'Ms. Marina Kling II',	'Nam sed nulla porro dolorem. Laborum reprehenderit sed in et inventore numquam debitis ad. Culpa nam sapiente sit qui sit non.',	2,	49,	'2017-12-28 06:28:05',	'2017-12-28 06:28:05'),
(40,	'Larissa Yost',	'Aut fugit laborum commodi sint qui quasi a. Harum officiis qui beatae voluptas in. Quis rerum cupiditate quidem voluptate sunt odit qui. Delectus tempora consequatur voluptatibus alias.',	0,	25,	'2017-12-28 06:28:05',	'2017-12-28 06:28:05'),
(41,	'Cleta DuBuque',	'Est cum molestiae ea debitis corrupti sint. Fugiat voluptatem ut sit sit. Ducimus sit suscipit dolore voluptatem. Temporibus omnis ab modi fugiat et.',	1,	12,	'2017-12-28 06:28:06',	'2017-12-28 06:28:06'),
(42,	'Wilfredo Dooley',	'Vel omnis cum et. Sit atque aperiam ducimus eum. Aut veniam earum quasi aut dolor.',	5,	42,	'2017-12-28 06:28:06',	'2017-12-28 06:28:06'),
(43,	'Darrel Stroman',	'Ut asperiores aliquam aliquam sit reprehenderit. Corporis qui libero maiores est sint. Nemo dolor nulla repellendus delectus nihil omnis explicabo. Doloremque assumenda dolorem illo non tenetur nihil.',	2,	4,	'2017-12-28 06:28:06',	'2017-12-28 06:28:06'),
(44,	'Prof. Jadon Senger',	'Tenetur voluptatum sunt sunt cumque veniam omnis nisi. Repudiandae labore alias molestiae eius. Voluptatem non ullam quia rerum. Fuga aliquid delectus eos voluptatem.',	2,	38,	'2017-12-28 06:28:06',	'2017-12-28 06:28:06'),
(45,	'Kenyatta Klocko',	'Delectus distinctio ut vero quidem voluptas omnis quo. Rem esse quo alias illo aut pariatur a. Et laboriosam voluptates ut quis in. Vel sit et praesentium magnam.',	5,	16,	'2017-12-28 06:28:06',	'2017-12-28 06:28:06'),
(46,	'Lila Waelchi',	'Et officia recusandae maiores deserunt nostrum. Aperiam aut qui at voluptatem dolorem quam. Laborum et dolorem repudiandae et ea et commodi.',	5,	19,	'2017-12-28 06:28:06',	'2017-12-28 06:28:06'),
(47,	'Dr. Bridgette Zieme',	'Perferendis quaerat sed consequatur fugit odit impedit. Ab aspernatur qui ullam eligendi soluta. At quidem hic optio placeat odio soluta. Et autem et non eos dolores.',	3,	36,	'2017-12-28 06:28:06',	'2017-12-28 06:28:06'),
(48,	'Art Jacobson',	'Labore voluptatem ratione aut pariatur harum deserunt sunt earum. Ipsa soluta magnam omnis quis qui officiis quo quia. Rerum adipisci nobis non enim libero.',	4,	16,	'2017-12-28 06:28:06',	'2017-12-28 06:28:06'),
(49,	'Miss Syble Beer III',	'Eveniet aut a dolor ut saepe. Voluptas ratione dolor expedita voluptatem illo error.',	2,	12,	'2017-12-28 06:28:06',	'2017-12-28 06:28:06'),
(50,	'Eunice Nienow',	'Occaecati molestiae praesentium nemo quia in sunt id. Et harum laudantium explicabo atque ea. Dolor consequatur sint consequuntur veritatis reprehenderit.',	1,	36,	'2017-12-28 06:28:06',	'2017-12-28 06:28:06'),
(51,	'Reilly Sawayn',	'Quam distinctio sint consequuntur. Eum consequatur et voluptates itaque consectetur iusto. Quo voluptate corporis eligendi unde vel.',	0,	36,	'2017-12-28 06:28:06',	'2017-12-28 06:28:06'),
(52,	'Dixie Borer Jr.',	'Cumque ipsum vero dolore in sit. Nulla exercitationem ipsum et esse. Maxime aliquid deserunt eveniet debitis et.',	2,	28,	'2017-12-28 06:28:06',	'2017-12-28 06:28:06'),
(53,	'Damion Kerluke',	'Dolorum ullam sapiente labore itaque. Et error quaerat iste reiciendis et minima vel adipisci.',	0,	27,	'2017-12-28 06:28:06',	'2017-12-28 06:28:06'),
(54,	'Jeffry Wehner',	'Maxime reiciendis sapiente cupiditate. Est pariatur ad eos debitis. Illum vero perspiciatis magnam molestiae ut dolore. Praesentium ab beatae ducimus eum blanditiis sit recusandae. Aut et eos itaque est vero nihil ut laborum.',	3,	25,	'2017-12-28 06:28:06',	'2017-12-28 06:28:06'),
(55,	'Jedediah Cartwright',	'Velit porro quia harum sequi voluptates. Ad provident temporibus dolor exercitationem ut totam at rerum. Beatae quia excepturi quaerat. Ab qui esse odit hic dolorum.',	2,	14,	'2017-12-28 06:28:06',	'2017-12-28 06:28:06'),
(56,	'Maynard Lindgren',	'Fuga recusandae illum sit voluptas omnis mollitia eligendi. Neque maxime officiis quam voluptatem. Et aperiam alias et aliquid iste est. Minima reprehenderit alias suscipit tempora voluptate perferendis.',	5,	47,	'2017-12-28 06:28:06',	'2017-12-28 06:28:06'),
(57,	'Virginie Thompson',	'Quod nam odit sunt cupiditate et accusamus quia. Corporis vero dicta quo quidem. Molestiae quidem consequatur vero non facilis.',	4,	2,	'2017-12-28 06:28:06',	'2017-12-28 06:28:06'),
(58,	'Tyshawn Blick',	'Doloremque explicabo porro molestias quas. Aliquam perspiciatis esse expedita nihil. Cupiditate saepe voluptatum repellat commodi eaque consequatur quis. Quia minima est quasi dolores sit.',	0,	26,	'2017-12-28 06:28:06',	'2017-12-28 06:28:06'),
(59,	'Wendell Gulgowski',	'Aspernatur voluptas minus enim dolore provident deleniti. Ut voluptas voluptatem pariatur quia nesciunt. Consequatur eligendi blanditiis architecto optio ullam numquam.',	3,	28,	'2017-12-28 06:28:06',	'2017-12-28 06:28:06'),
(60,	'Lilly Cassin',	'Saepe quaerat aut tenetur nihil. Neque voluptas perspiciatis sed voluptatibus repellendus quibusdam. Ut officiis dicta est consequatur pariatur vel maxime voluptas. Enim assumenda quo explicabo.',	0,	24,	'2017-12-28 06:28:06',	'2017-12-28 06:28:06'),
(61,	'Greg Bode',	'Ex ut consequatur incidunt eum non. Dolorem et quos earum distinctio quia aspernatur assumenda. Officia mollitia recusandae sed nesciunt.',	2,	21,	'2017-12-28 06:28:06',	'2017-12-28 06:28:06'),
(62,	'Ms. Michelle Hand MD',	'Debitis vel vero provident maxime sapiente quam provident. Iste sint et inventore est autem rerum voluptatem. Sunt iste maiores placeat rem soluta ut rem.',	4,	49,	'2017-12-28 06:28:06',	'2017-12-28 06:28:06'),
(63,	'Mrs. Yasmin Ankunding DVM',	'Voluptatum ut rerum quo laboriosam exercitationem quia. Et fugit recusandae sit et nihil rerum dicta. Hic et et error tempore nulla neque. Cupiditate nisi quasi deleniti laudantium dolorem laborum cupiditate.',	1,	49,	'2017-12-28 06:28:06',	'2017-12-28 06:28:06'),
(64,	'Prof. Laurel Stoltenberg',	'Molestiae dolorem accusantium beatae est labore quaerat cum. Deserunt qui optio occaecati quia consequatur veritatis nisi. Vel quasi at ut eos.',	0,	22,	'2017-12-28 06:28:07',	'2017-12-28 06:28:07'),
(65,	'Mr. Raul Durgan PhD',	'Sit deleniti esse quam in quia. Accusamus nisi mollitia nam maxime inventore cumque. Accusamus labore dolore numquam aut cumque aut.',	0,	11,	'2017-12-28 06:28:07',	'2017-12-28 06:28:07'),
(66,	'Cora Schimmel',	'Itaque nostrum veniam maxime quasi incidunt voluptate nisi. Odio id et sint molestias eius minus. Incidunt quisquam beatae quam ratione qui facere. In voluptate id similique minus velit dolor vero illo. Eum expedita quibusdam et omnis ullam suscipit.',	2,	39,	'2017-12-28 06:28:07',	'2017-12-28 06:28:07'),
(67,	'Marcella Quigley',	'Est atque quibusdam rerum eius et. Sint est voluptate et eos. Dicta harum consequatur ducimus consectetur architecto porro ad.',	1,	24,	'2017-12-28 06:28:07',	'2017-12-28 06:28:07'),
(68,	'Emely Denesik',	'Qui velit in voluptatibus nostrum. Qui dolorum sit iste eos eveniet libero. Voluptas quia nulla quo sit sit. Non dicta architecto voluptates magnam aut aspernatur et.',	3,	17,	'2017-12-28 06:28:07',	'2017-12-28 06:28:07'),
(69,	'Thomas Stanton PhD',	'Recusandae quisquam qui consequatur ut. A voluptas pariatur et eos sequi quisquam beatae. Ipsa ullam explicabo ut esse molestias temporibus tenetur.',	2,	7,	'2017-12-28 06:28:07',	'2017-12-28 06:28:07'),
(70,	'Miss Rhianna Bode Sr.',	'Maxime dolores ad veniam alias et. Aut voluptatem sequi nobis expedita. Dolorem est est cumque sed numquam et et.',	1,	43,	'2017-12-28 06:28:07',	'2017-12-28 06:28:07'),
(71,	'Emelie Okuneva',	'Cumque ad libero consequatur inventore sed sed et recusandae. Molestiae aut tempore velit iure nihil incidunt magnam. Rerum quia sed provident nihil.',	4,	20,	'2017-12-28 06:28:07',	'2017-12-28 06:28:07'),
(72,	'Burley Schinner PhD',	'Unde libero et quis voluptate reprehenderit nesciunt. Dolore dolores optio at eum. Id consectetur occaecati corrupti ad doloribus sit recusandae. Porro consequatur amet consectetur et odio repellat.',	1,	19,	'2017-12-28 06:28:07',	'2017-12-28 06:28:07'),
(73,	'Prof. Janis Little IV',	'Cum ut corporis omnis voluptate officiis sit. Accusamus corporis consequatur neque nemo molestias. Dolores inventore ut sapiente minus. Sed optio voluptatem dolorem voluptatibus. Deleniti impedit possimus mollitia quae repellat ipsum aliquam.',	3,	7,	'2017-12-28 06:28:07',	'2017-12-28 06:28:07'),
(74,	'Roscoe Heaney',	'Sunt tenetur voluptates quia quisquam. Eveniet explicabo et aliquam rerum. Optio non et blanditiis tenetur laboriosam corporis. Veniam autem molestiae reiciendis quia mollitia ipsam.',	4,	22,	'2017-12-28 06:28:07',	'2017-12-28 06:28:07'),
(75,	'Coralie Shields',	'Sit aut explicabo sint itaque cum eos. Et odio et aperiam non soluta facere. Quibusdam ea exercitationem omnis et voluptatem doloribus. Molestiae voluptatum id qui.',	4,	32,	'2017-12-28 06:28:07',	'2017-12-28 06:28:07'),
(76,	'Emie Carter PhD',	'Occaecati aperiam fugiat et quo. Alias omnis ex labore eaque. Maiores quos sit deleniti aliquid.',	4,	13,	'2017-12-28 06:28:07',	'2017-12-28 06:28:07'),
(77,	'Kaden Mitchell',	'Qui quia impedit error. Dolor occaecati repellendus amet. Blanditiis quibusdam laboriosam autem tempore est.',	5,	4,	'2017-12-28 06:28:07',	'2017-12-28 06:28:07'),
(78,	'Zella Nicolas',	'Possimus aliquid repellat aut id. Laudantium sit numquam itaque animi eveniet iusto. Expedita vel qui corrupti ut qui porro.',	3,	23,	'2017-12-28 06:28:07',	'2017-12-28 06:28:07'),
(79,	'Darryl Reilly',	'Sint aut eius et impedit mollitia natus. Autem eos incidunt ab corrupti ut. Ducimus impedit alias minima. Enim ut debitis nam nesciunt rem accusantium nihil.',	4,	8,	'2017-12-28 06:28:07',	'2017-12-28 06:28:07'),
(80,	'Zola Romaguera',	'Consequuntur id rerum impedit voluptatem voluptas voluptatem exercitationem provident. Doloremque libero voluptas dolor aliquid. Enim dicta quo fugit neque debitis ex. Quos nesciunt molestias dolore ducimus eos.',	1,	40,	'2017-12-28 06:28:07',	'2017-12-28 06:28:07'),
(81,	'Pasquale Leannon',	'Dolor quia et quia eligendi tempora cum. Voluptatem dolor unde eos distinctio rerum. Commodi occaecati aut sit sed et necessitatibus. Et eius voluptatem repudiandae accusantium aut voluptatem.',	2,	17,	'2017-12-28 06:28:07',	'2017-12-28 06:28:07'),
(82,	'Miss Beulah Tremblay',	'Laboriosam incidunt incidunt sed et et non eum. Pariatur aut est non ad a dolores nemo voluptas. Unde modi velit excepturi praesentium. Dolor praesentium architecto doloribus mollitia.',	5,	37,	'2017-12-28 06:28:07',	'2017-12-28 06:28:07'),
(83,	'Johnny Kuhn',	'Quas fugit ex eos aliquam. Quisquam neque maxime illo deleniti voluptatibus. Blanditiis alias enim aliquid.',	1,	5,	'2017-12-28 06:28:07',	'2017-12-28 06:28:07'),
(84,	'Prof. Hardy Hilpert',	'Omnis dolores fuga iste aut deleniti veritatis. Facere doloremque quia quae laborum optio eos. Magni nisi asperiores rerum fugit ea voluptate ut.',	4,	41,	'2017-12-28 06:28:07',	'2017-12-28 06:28:07'),
(85,	'Dr. Michael Zboncak DDS',	'Labore qui provident esse non fugit. Cumque amet consequatur laborum natus est quas. Est iusto voluptates deleniti sit quia consequatur. Nam rem quaerat laborum quibusdam.',	1,	15,	'2017-12-28 06:28:07',	'2017-12-28 06:28:07'),
(86,	'Prof. Lamont Lindgren',	'Et voluptatibus voluptatem consequatur cumque eum. Beatae voluptate corrupti dicta. Sit reprehenderit aut dignissimos voluptatem culpa eveniet et.',	5,	29,	'2017-12-28 06:28:07',	'2017-12-28 06:28:07'),
(87,	'Elena Mohr',	'Est blanditiis sequi consequuntur dolorem velit et. Nulla quia aut quae id id veritatis. Dolor sequi voluptas rerum numquam dolor beatae non sed.',	2,	8,	'2017-12-28 06:28:07',	'2017-12-28 06:28:07'),
(88,	'Ozella Kertzmann',	'Enim nihil omnis neque aut possimus pariatur quia. Explicabo quia omnis enim architecto. Cupiditate ipsum temporibus sit aperiam reiciendis qui hic. Perspiciatis aperiam tenetur et fugit modi beatae.',	3,	10,	'2017-12-28 06:28:07',	'2017-12-28 06:28:07'),
(89,	'Justina Will',	'Debitis quo perferendis repellendus fuga laborum. Recusandae quo eos illum saepe reprehenderit aperiam. Ipsa rerum at incidunt laborum accusantium. Praesentium ducimus asperiores distinctio dolores ab blanditiis est rerum. Deleniti at architecto ut nesciunt quis maiores et iure.',	0,	9,	'2017-12-28 06:28:07',	'2017-12-28 06:28:07'),
(90,	'Clifton Flatley',	'A quia enim temporibus atque neque voluptatibus nisi. Nihil ad distinctio iure qui quos eius saepe aut. Enim illum est sint beatae unde delectus. Aspernatur qui rerum sit recusandae occaecati aut veniam voluptatem. Asperiores minus molestias dicta aliquid.',	5,	30,	'2017-12-28 06:28:08',	'2017-12-28 06:28:08'),
(91,	'Prof. Isac Rau',	'Et et incidunt repellat. Inventore aut ipsam corrupti fugiat fuga est officiis.',	4,	8,	'2017-12-28 06:28:08',	'2017-12-28 06:28:08'),
(92,	'Prof. Ofelia Stracke V',	'Odio optio voluptate omnis. Quo consequatur quaerat omnis aut unde.',	3,	38,	'2017-12-28 06:28:08',	'2017-12-28 06:28:08'),
(93,	'Keeley Shields',	'Rem et ex sunt doloremque ut amet. Dolor facilis aut ut ut. Iure porro similique ut aut qui. Dolores quas iusto dolores nihil aliquam.',	4,	7,	'2017-12-28 06:28:08',	'2017-12-28 06:28:08'),
(94,	'Mattie Rath',	'Et fugiat molestiae optio in. Sint vel nobis incidunt voluptatem. Corrupti inventore placeat ipsam repudiandae debitis. Dolores harum et minima culpa ad.',	0,	33,	'2017-12-28 06:28:08',	'2017-12-28 06:28:08'),
(95,	'Theron Turcotte',	'Expedita tenetur voluptatem quisquam magnam deserunt alias ea. Sunt dicta voluptatibus quidem repudiandae voluptas unde. Distinctio eligendi quia optio aut.',	3,	4,	'2017-12-28 06:28:08',	'2017-12-28 06:28:08'),
(96,	'Adam Mitchell',	'Quaerat vel voluptates voluptas inventore error. Hic in ipsum nihil molestiae est aut est. Velit numquam illo qui ut et maxime iusto. Laborum ea nobis ad enim in nihil qui.',	2,	17,	'2017-12-28 06:28:08',	'2017-12-28 06:28:08'),
(97,	'Wellington Morissette Sr.',	'Et nihil qui rerum fugiat. Maiores unde quo magnam qui magni. Officiis vitae pariatur dolore possimus ut et. Quidem et in soluta culpa dolorem dolorem voluptatum labore.',	4,	21,	'2017-12-28 06:28:08',	'2017-12-28 06:28:08'),
(98,	'Johnathan Balistreri',	'Ut velit dolore natus facilis dicta. Voluptas vel exercitationem voluptatem natus aut. Pariatur sit omnis porro nihil magnam pariatur vel. Dolores voluptatibus fuga quo voluptas doloribus facilis. Dolores quia quis sit quia ducimus nihil.',	5,	26,	'2017-12-28 06:28:08',	'2017-12-28 06:28:08'),
(99,	'Sanford Hagenes',	'Fuga ut nihil ut maxime. Et vel non dicta dolores. Et voluptatem aut fuga vel.',	1,	15,	'2017-12-28 06:28:08',	'2017-12-28 06:28:08'),
(100,	'Joey Heathcote',	'Sit tenetur sapiente autem rem quisquam. Debitis iusto repellat beatae quos animi error ullam et. Voluptatem odit tempore in est placeat eligendi.',	5,	33,	'2017-12-28 06:28:08',	'2017-12-28 06:28:08'),
(101,	'Brady Predovic',	'A voluptates vero repellat. Exercitationem autem molestiae qui cupiditate officiis qui aliquam. Excepturi ut voluptas quam laudantium quae.',	0,	18,	'2017-12-28 06:28:08',	'2017-12-28 06:28:08'),
(102,	'Addison Johnston',	'Qui enim eius officiis voluptatem. Et nisi beatae ipsam possimus accusamus. Assumenda distinctio tempora autem tempore officiis velit. Doloremque error voluptates deserunt possimus odit voluptas. Quisquam qui aut est porro tempora deleniti.',	1,	30,	'2017-12-28 06:28:08',	'2017-12-28 06:28:08'),
(103,	'Cletus Rosenbaum',	'Ullam accusamus tempore temporibus velit. Corporis qui eligendi rerum sed veritatis. Quisquam minus qui rem sed.',	4,	49,	'2017-12-28 06:28:08',	'2017-12-28 06:28:08'),
(104,	'Mr. Clay Hettinger II',	'Veritatis corporis quidem exercitationem nostrum quis. Dolores sit quisquam pariatur consequatur. Ea delectus non consequuntur illo. Deserunt eaque sit in dicta aspernatur aspernatur assumenda.',	0,	24,	'2017-12-28 06:28:08',	'2017-12-28 06:28:08'),
(105,	'Oliver Reynolds',	'Hic iure ipsa suscipit totam voluptas in vitae. Maiores quisquam culpa et nihil voluptate.',	4,	31,	'2017-12-28 06:28:08',	'2017-12-28 06:28:08'),
(106,	'Lorenza Upton',	'Ut beatae enim sit cumque temporibus amet aliquid. Ut nesciunt vitae explicabo non eveniet veritatis. Aspernatur et perspiciatis deleniti officiis. Fuga veritatis quidem et.',	5,	45,	'2017-12-28 06:28:08',	'2017-12-28 06:28:08'),
(107,	'Prof. Damien Witting Sr.',	'Et distinctio non reprehenderit aperiam eius quidem. Velit iste repudiandae corrupti consequatur.',	2,	5,	'2017-12-28 06:28:08',	'2017-12-28 06:28:08'),
(108,	'Alysson Rippin',	'Occaecati cum et id autem. Consectetur tenetur sed est aspernatur alias ad. Recusandae ut ut modi autem. Sed necessitatibus omnis in nihil.',	2,	48,	'2017-12-28 06:28:08',	'2017-12-28 06:28:08'),
(109,	'Jayden Mayert',	'Consectetur mollitia earum soluta eos alias maxime est iste. Debitis sunt ducimus ea commodi necessitatibus velit. Praesentium et expedita temporibus ratione.',	3,	34,	'2017-12-28 06:28:08',	'2017-12-28 06:28:08'),
(110,	'Herbert Friesen',	'Sed enim voluptatum maxime et in nemo sequi. Minima est cumque ea dignissimos recusandae ipsum enim. Vel omnis rerum praesentium perferendis quaerat. Delectus voluptate est aperiam ratione officiis mollitia. Nesciunt voluptatem sunt sunt quod.',	5,	48,	'2017-12-28 06:28:08',	'2017-12-28 06:28:08'),
(111,	'Vicenta Pollich III',	'Autem voluptate voluptas numquam doloremque. Neque sed sed fuga. Corrupti non quia animi.',	5,	20,	'2017-12-28 06:28:08',	'2017-12-28 06:28:08'),
(112,	'Raheem Schaden',	'Veniam optio velit perferendis nihil ipsam. Provident dolor reiciendis tenetur voluptatem veniam. Voluptas earum inventore molestias.',	0,	2,	'2017-12-28 06:28:08',	'2017-12-28 06:28:08'),
(113,	'Mariane Wilkinson',	'Eaque sequi voluptas sequi nemo vero praesentium alias. Minima quia praesentium dolor reiciendis neque. Et facere inventore animi. Sint libero iste unde aut exercitationem repudiandae occaecati.',	3,	34,	'2017-12-28 06:28:08',	'2017-12-28 06:28:08'),
(114,	'Esther Hauck',	'Ipsa at consequatur rerum eveniet quos laudantium est. Perferendis neque esse possimus et et saepe. Non vitae ad praesentium est et accusantium blanditiis. Nihil aperiam voluptatum neque.',	0,	35,	'2017-12-28 06:28:09',	'2017-12-28 06:28:09'),
(115,	'Prof. Korbin White',	'Nihil veniam officia ad voluptatem. Laboriosam minima qui voluptates ipsum neque et iste. Dolor corporis minus occaecati voluptate iure tenetur esse.',	0,	1,	'2017-12-28 06:28:09',	'2017-12-28 06:28:09'),
(116,	'Miss Clotilde Hermiston I',	'Exercitationem dolore et qui. Voluptatem ipsa at vitae aut in. Placeat temporibus sapiente dolorem ut nulla velit. Id provident tempora ut consequatur maiores repellendus et.',	5,	48,	'2017-12-28 06:28:09',	'2017-12-28 06:28:09'),
(117,	'Carlie Pouros',	'Molestiae esse temporibus saepe cumque id voluptas ut consequuntur. Aut fuga et est voluptatibus eos. Quibusdam quaerat impedit accusamus dolores. Deleniti cupiditate voluptatum voluptas quisquam nostrum suscipit.',	5,	18,	'2017-12-28 06:28:09',	'2017-12-28 06:28:09'),
(118,	'Alvera Franecki',	'Atque ducimus blanditiis error distinctio iusto. Illum minima blanditiis sit tenetur ea. Quis quisquam ut qui ratione id.',	1,	41,	'2017-12-28 06:28:09',	'2017-12-28 06:28:09'),
(119,	'Lonzo Stokes',	'In non non non repellendus fugit alias dolor dolor. Repudiandae dolor molestiae ipsa velit enim. Odit porro mollitia vitae recusandae eos error sint. Optio ex eveniet inventore sint.',	5,	29,	'2017-12-28 06:28:09',	'2017-12-28 06:28:09'),
(120,	'Sarina Klocko',	'Sint qui dolor rerum id est in molestias sint. Accusamus unde deleniti praesentium sequi esse facilis. Possimus voluptas quam quis itaque eaque dolores excepturi.',	0,	19,	'2017-12-28 06:28:09',	'2017-12-28 06:28:09'),
(121,	'Liam Farrell',	'Tempore odit et aut. Reprehenderit sed sed labore nulla praesentium eum. Et tempora veritatis non hic. Qui occaecati nemo ex delectus ea porro fuga aut.',	3,	11,	'2017-12-28 06:28:09',	'2017-12-28 06:28:09'),
(122,	'Cynthia Frami',	'Temporibus ipsam rerum cupiditate et consequatur et ipsum. Aut nisi iusto harum. Maxime qui dolorem quibusdam esse totam nihil ducimus. Minus odit corrupti et dignissimos nulla harum eum culpa.',	2,	16,	'2017-12-28 06:28:09',	'2017-12-28 06:28:09'),
(123,	'Jace Brown',	'Temporibus sed corporis quis et ducimus expedita qui laudantium. Aut quo et voluptatem et eum tenetur. Quo doloribus qui voluptatem maxime voluptatem id. Aut architecto nostrum minima odio.',	3,	13,	'2017-12-28 06:28:09',	'2017-12-28 06:28:09'),
(124,	'Ardith Gerlach',	'Repellendus aliquam excepturi quia et quae dolore maxime corporis. Aut ut laborum sequi ut sunt velit. Quos et est rem quia eos numquam et.',	4,	11,	'2017-12-28 06:28:09',	'2017-12-28 06:28:09'),
(125,	'Zula Tillman',	'Nostrum vero possimus quo dolorum. Ipsum ut sint nostrum. Ut et quas id optio quo ut. Ut sed placeat vel reprehenderit.',	4,	23,	'2017-12-28 06:28:09',	'2017-12-28 06:28:09'),
(126,	'Dolly Hermiston',	'Voluptatum tempore iste quaerat alias incidunt. Eos et vel suscipit consequatur expedita eum. Ut et commodi deserunt nemo.',	1,	50,	'2017-12-28 06:28:09',	'2017-12-28 06:28:09'),
(127,	'Dr. Werner Torp',	'Neque eligendi accusamus sequi in. Voluptas a enim eum aliquid illo consequatur ut. Id accusamus sed quia sed harum sapiente.',	3,	13,	'2017-12-28 06:28:09',	'2017-12-28 06:28:09'),
(128,	'Dr. Fay Bailey',	'Dolorem dolorum laboriosam quod dolores exercitationem voluptate alias. Velit error iusto dicta sint. Sed enim ut sed est architecto dolorum.',	4,	6,	'2017-12-28 06:28:09',	'2017-12-28 06:28:09'),
(129,	'Kathryne Cummings PhD',	'Perferendis voluptatum nulla aspernatur in ut. Saepe nam dolorem cupiditate nostrum error. Labore quaerat voluptatum est occaecati nam et sed. Magnam molestias eum eos.',	0,	42,	'2017-12-28 06:28:09',	'2017-12-28 06:28:09'),
(130,	'Eladio Corkery',	'Cum rerum animi repudiandae non corporis reiciendis voluptates. Ab ratione voluptas doloremque aut. Deleniti veritatis saepe maxime qui sit et adipisci. Quia consequuntur vitae enim odio. Nesciunt excepturi officia qui fuga quae.',	0,	21,	'2017-12-28 06:28:09',	'2017-12-28 06:28:09'),
(131,	'Arvel Roob Sr.',	'Aut ratione rerum error enim nisi facere. Reprehenderit suscipit et sint quos vitae. Officia ut dolorem doloribus vero. Neque quia et eos eveniet commodi.',	5,	33,	'2017-12-28 06:28:09',	'2017-12-28 06:28:09'),
(132,	'Jazmyne Runolfsdottir',	'Sunt exercitationem nihil nobis fuga et dignissimos molestiae. Impedit recusandae voluptate cumque asperiores quo ex rerum. Qui consequatur adipisci aliquam voluptas eius eos nisi. Voluptatibus quia autem doloremque inventore.',	3,	40,	'2017-12-28 06:28:09',	'2017-12-28 06:28:09'),
(133,	'Donna Adams',	'Magnam est quos magni aliquam molestiae mollitia. Quo nostrum sint facere quisquam.',	3,	41,	'2017-12-28 06:28:09',	'2017-12-28 06:28:09'),
(134,	'Maryam Hessel',	'Vitae enim repellendus repellat reiciendis eum accusantium fugit. Sit unde voluptatem cum tempora quis sed. Est repellat porro itaque nemo ut repudiandae maxime minima.',	4,	48,	'2017-12-28 06:28:09',	'2017-12-28 06:28:09'),
(135,	'Lyric Kilback',	'Mollitia doloremque minus occaecati et ipsam id. Impedit ut rerum eos distinctio quia et. Laudantium earum tenetur harum deleniti autem. Sed dolorem fugit laboriosam necessitatibus iusto.',	5,	12,	'2017-12-28 06:28:09',	'2017-12-28 06:28:09'),
(136,	'Cathy Schmeler',	'Ea suscipit illo accusantium nam tempore harum. Voluptatem sint eveniet molestias aut dolor quia. Saepe nostrum praesentium ipsa illum molestiae velit necessitatibus. Excepturi assumenda possimus reiciendis sapiente aut et modi amet.',	5,	42,	'2017-12-28 06:28:09',	'2017-12-28 06:28:09'),
(137,	'Lennie Powlowski',	'Omnis quos dicta qui id. Nulla non eveniet qui quia et facere. Quos omnis iusto et sit porro quis numquam. Accusamus et ut vitae.',	1,	33,	'2017-12-28 06:28:09',	'2017-12-28 06:28:09'),
(138,	'Verona Beer',	'Consequatur sit velit blanditiis ut eum dolores veritatis. Explicabo esse molestias ea blanditiis maxime recusandae.',	3,	43,	'2017-12-28 06:28:09',	'2017-12-28 06:28:09'),
(139,	'Prof. Blanca Hauck',	'Dolorem natus ut ea aut nobis et. Doloribus facilis perferendis excepturi quasi. Explicabo dolore et ut qui cupiditate id. Quis rerum et ratione itaque soluta.',	5,	16,	'2017-12-28 06:28:10',	'2017-12-28 06:28:10'),
(140,	'Dr. Kaylee Herman',	'Et vel error doloremque nulla atque. Error est necessitatibus eum quod ad error perspiciatis velit.',	3,	11,	'2017-12-28 06:28:10',	'2017-12-28 06:28:10'),
(141,	'Porter Hammes',	'Aut autem repellendus expedita. Et assumenda ut et ducimus enim. Quam cupiditate reprehenderit quia repudiandae voluptas.',	2,	12,	'2017-12-28 06:28:10',	'2017-12-28 06:28:10'),
(142,	'Ola Schneider',	'Neque provident ut ut sed aspernatur. Eos consequatur ab quidem aliquid praesentium.',	4,	3,	'2017-12-28 06:28:10',	'2017-12-28 06:28:10'),
(143,	'Art Strosin',	'Autem recusandae ut omnis omnis a. Voluptas illo corporis velit tempore.',	2,	30,	'2017-12-28 06:28:10',	'2017-12-28 06:28:10'),
(144,	'Murphy Schoen',	'Eum consequatur suscipit mollitia harum. Dolor voluptatem consequatur voluptatibus corrupti velit autem esse eius. Enim velit cumque eaque.',	5,	23,	'2017-12-28 06:28:10',	'2017-12-28 06:28:10'),
(145,	'Elise Carter',	'Recusandae deserunt voluptatum alias expedita fuga. Totam rem accusantium maiores libero est eaque. Adipisci nulla optio sed dolorum pariatur unde officia aut.',	5,	38,	'2017-12-28 06:28:10',	'2017-12-28 06:28:10'),
(146,	'Harry Beahan',	'Ut quas et aspernatur. Rerum dolore voluptates nemo et vero deleniti quia. At natus laboriosam accusantium ratione itaque. Vel debitis qui nulla consequatur veniam consequatur. Ut id facilis enim nihil voluptas.',	0,	6,	'2017-12-28 06:28:10',	'2017-12-28 06:28:10'),
(147,	'Mr. Randall Hyatt',	'Illo quos totam corrupti nulla sit. Aspernatur rerum sed quia quo eos harum tenetur. Fugit eum praesentium modi nulla perferendis.',	0,	22,	'2017-12-28 06:28:10',	'2017-12-28 06:28:10'),
(148,	'Misty Green',	'Perspiciatis ipsum possimus consequuntur. Ratione ipsa necessitatibus illum unde et. Et totam ab vitae quibusdam. Facilis totam sequi ipsa aspernatur dicta exercitationem rerum rerum.',	3,	23,	'2017-12-28 06:28:10',	'2017-12-28 06:28:10'),
(149,	'Frank Grady',	'Excepturi blanditiis ut minus et nostrum sint quae. Esse exercitationem quia et exercitationem cupiditate ratione consequatur. Deleniti nihil eius et eum.',	2,	15,	'2017-12-28 06:28:10',	'2017-12-28 06:28:10'),
(150,	'Icie Stiedemann',	'Et similique et molestias occaecati. Eveniet sed modi cumque molestias. Laborum voluptatem aliquid error cupiditate vel sit.',	0,	29,	'2017-12-28 06:28:10',	'2017-12-28 06:28:10'),
(151,	'Dr. Orlando Sauer',	'Possimus est sed illo et quis suscipit odit qui. Rem at aperiam sunt magni recusandae ut culpa. Dolore quisquam alias eum animi. Distinctio et iusto recusandae voluptas itaque.',	0,	50,	'2017-12-28 06:28:10',	'2017-12-28 06:28:10'),
(152,	'Jakayla Bailey',	'Perferendis id asperiores quia voluptatem quasi. Quibusdam aut voluptatem aut velit tempora consectetur corrupti. Dolor ad provident iste nobis labore consequatur vel.',	1,	4,	'2017-12-28 06:28:10',	'2017-12-28 06:28:10'),
(153,	'Prof. Darien Koch',	'Placeat id nemo odit quod. Hic impedit vero iure et quaerat qui aspernatur necessitatibus. Voluptas quis est quisquam perspiciatis omnis a voluptatibus.',	3,	38,	'2017-12-28 06:28:10',	'2017-12-28 06:28:10'),
(154,	'Beaulah Waelchi',	'Vero sit aut odit sed repudiandae. Beatae qui ut harum et ut rerum omnis sit. Dolores est excepturi autem laboriosam qui. Praesentium voluptas iure voluptatibus sapiente est.',	3,	6,	'2017-12-28 06:28:10',	'2017-12-28 06:28:10'),
(155,	'Lamar Bradtke',	'Vel nam facilis labore ipsam. Laboriosam eum vitae magni earum est. Vel optio expedita enim fugiat voluptate. Fugiat similique soluta quibusdam assumenda non voluptatem.',	0,	20,	'2017-12-28 06:28:10',	'2017-12-28 06:28:10'),
(156,	'Vella Gerhold',	'Dolores architecto reprehenderit eum sunt autem. Rerum voluptate eos neque nemo. Beatae sit facere possimus iste molestiae aut quia facere. Ex enim animi omnis in ipsum.',	5,	25,	'2017-12-28 06:28:10',	'2017-12-28 06:28:10'),
(157,	'Vickie King',	'Cupiditate nam quia ut sapiente. Ea omnis eius consequatur dignissimos voluptate fuga. Saepe excepturi natus dolores laborum non impedit. Sint provident aut cum ex.',	4,	32,	'2017-12-28 06:28:10',	'2017-12-28 06:28:10'),
(158,	'Irwin Jacobi',	'Qui asperiores enim voluptatem est et et accusantium ipsa. Et voluptas fugit voluptatem rerum minus non perferendis. Pariatur est aut voluptas fugiat sequi. Adipisci magni occaecati et quo consectetur omnis aut.',	3,	40,	'2017-12-28 06:28:10',	'2017-12-28 06:28:10'),
(159,	'Prof. Brenda Jast',	'Magni aut aliquam repellat. Maiores repudiandae neque ratione animi ut alias possimus magni. Tempora consequuntur occaecati ipsam possimus mollitia nemo. Porro tempora facere fugit.',	2,	24,	'2017-12-28 06:28:10',	'2017-12-28 06:28:10'),
(160,	'Elfrieda Yundt II',	'Aliquam adipisci assumenda fugiat ut voluptas deleniti nesciunt. Qui cupiditate aut sunt quaerat doloremque accusantium alias ab. Sint nihil commodi libero accusamus animi.',	5,	42,	'2017-12-28 06:28:10',	'2017-12-28 06:28:10'),
(161,	'Arne Maggio',	'Tenetur eos nam possimus ipsam molestias reprehenderit dignissimos. Cumque saepe assumenda minus.',	1,	12,	'2017-12-28 06:28:10',	'2017-12-28 06:28:10'),
(162,	'Clark Eichmann',	'Culpa dolores iusto non culpa labore necessitatibus. Placeat atque quia qui voluptas incidunt et. Similique modi illum consequatur consectetur consequuntur dolorem et est.',	3,	27,	'2017-12-28 06:28:10',	'2017-12-28 06:28:10'),
(163,	'Freida Hansen I',	'Veniam deleniti non alias. Hic beatae dignissimos error. Quia et ut temporibus quam tempore hic maxime.',	2,	44,	'2017-12-28 06:28:11',	'2017-12-28 06:28:11'),
(164,	'Britney Dicki',	'Quo molestias quas dolores itaque. Sunt dolores nisi in sed ducimus. Excepturi quaerat similique sit autem id quam. Qui sit nulla enim.',	5,	50,	'2017-12-28 06:28:11',	'2017-12-28 06:28:11'),
(165,	'Clifton Zulauf',	'Debitis doloribus impedit et ut officiis labore vel laboriosam. Omnis quidem at tenetur eos inventore sit. Suscipit qui ea aut laudantium blanditiis excepturi. Vel aut nisi maiores magnam harum nulla et. Distinctio mollitia eos sequi ipsam voluptatem et ex ducimus.',	3,	35,	'2017-12-28 06:28:11',	'2017-12-28 06:28:11'),
(166,	'Lambert Prohaska',	'Ab minus recusandae eaque iusto quo nobis libero. Quibusdam totam et ex ut. Temporibus architecto et labore quis tenetur.',	1,	18,	'2017-12-28 06:28:11',	'2017-12-28 06:28:11'),
(167,	'Benton Weissnat',	'Earum hic et vel quia. Adipisci et quam pariatur et ipsum et ut. Ratione vel qui distinctio cumque libero.',	2,	38,	'2017-12-28 06:28:11',	'2017-12-28 06:28:11'),
(168,	'Mrs. Yasmin Wilderman Jr.',	'Consectetur aspernatur quis vel facere ratione qui sequi quis. Dolorum deleniti est similique omnis. Eum eos atque facere quibusdam nemo.',	4,	47,	'2017-12-28 06:28:11',	'2017-12-28 06:28:11'),
(169,	'Mattie Tillman',	'Enim in sit rem rerum et porro assumenda. Laborum repellendus vel aliquid.',	3,	41,	'2017-12-28 06:28:11',	'2017-12-28 06:28:11'),
(170,	'Barton Turner MD',	'Repellendus ea amet molestiae repellendus sint a dicta. Nulla voluptate tempore occaecati excepturi. Eveniet reiciendis unde voluptas illum nisi nihil.',	5,	32,	'2017-12-28 06:28:11',	'2017-12-28 06:28:11'),
(171,	'Wava Towne IV',	'Eum voluptas aperiam temporibus provident aliquid. Sed omnis maxime et iusto consequuntur veritatis. Voluptatem hic ea accusamus enim enim. Dolores ab neque quia cupiditate quaerat quia.',	2,	14,	'2017-12-28 06:28:11',	'2017-12-28 06:28:11'),
(172,	'Rosemary Collier V',	'Libero rerum repellat architecto qui sit laudantium iste quas. Molestiae asperiores facere molestiae fugit at dolorum. Exercitationem quo harum enim deleniti voluptatem ut a. Molestias magni commodi et qui id qui.',	2,	29,	'2017-12-28 06:28:11',	'2017-12-28 06:28:11'),
(173,	'Mrs. Andreanne Gottlieb IV',	'Beatae minima pariatur voluptatem autem molestias temporibus. Vel omnis illum quae facere quia.',	0,	39,	'2017-12-28 06:28:11',	'2017-12-28 06:28:11'),
(174,	'Jalyn Crona',	'Aliquam doloribus quia impedit consequatur fugiat. Natus dolorem esse mollitia qui sed impedit. Accusamus aut earum non quia maxime ea eius aut. Omnis enim possimus aspernatur magnam cum corporis quia quia.',	0,	50,	'2017-12-28 06:28:11',	'2017-12-28 06:28:11'),
(175,	'Christophe Welch',	'Commodi quia sit dolorum sunt ad qui laudantium id. Ratione vero qui id maiores iure cum facilis. Dolores vitae est quis quaerat.',	1,	10,	'2017-12-28 06:28:11',	'2017-12-28 06:28:11'),
(176,	'Kali Pfannerstill',	'Consequatur ex consectetur qui. Vitae voluptatibus facilis suscipit sed fuga amet doloremque. Sit necessitatibus dicta dolorem omnis veniam. Nisi omnis magni vitae et.',	4,	38,	'2017-12-28 06:28:11',	'2017-12-28 06:28:11'),
(177,	'Craig Cruickshank V',	'Incidunt at mollitia tempore sapiente. Modi tenetur odio distinctio voluptatem blanditiis nobis non. Qui aut consectetur debitis ut occaecati aut est. Dolores et temporibus quasi est nobis blanditiis.',	5,	16,	'2017-12-28 06:28:11',	'2017-12-28 06:28:11'),
(178,	'Henriette Osinski DVM',	'Voluptatem dolorem aut suscipit pariatur nobis aliquid. Dolore ut repellat blanditiis et. Sint facere impedit maxime. Consectetur est voluptatem temporibus distinctio consectetur.',	1,	33,	'2017-12-28 06:28:11',	'2017-12-28 06:28:11'),
(179,	'Bettye Gottlieb',	'Aut sed aut officia dignissimos fugiat porro voluptas. Dignissimos ab sit quisquam dolores error harum et. Occaecati quia consequatur quo commodi odit dolorum enim ut. Dolor exercitationem incidunt id iste sapiente.',	3,	40,	'2017-12-28 06:28:11',	'2017-12-28 06:28:11'),
(180,	'Teresa Hilll',	'Et sit hic cum vel et. Voluptatem dolor quo ut nemo autem. Nesciunt ut cum praesentium optio quo distinctio perferendis. In sunt nesciunt at reiciendis maxime alias voluptatibus. Adipisci illo fuga facere voluptas consequatur quos.',	3,	36,	'2017-12-28 06:28:11',	'2017-12-28 06:28:11'),
(181,	'Mr. Dedric Boyer',	'In rem quae aut reiciendis dolor. Assumenda optio veniam provident aut id maxime est saepe. Voluptates ut praesentium officia nulla facere architecto.',	2,	49,	'2017-12-28 06:28:11',	'2017-12-28 06:28:11'),
(182,	'Kenyon Ritchie Jr.',	'Enim assumenda id dolores fugit nesciunt occaecati itaque. Maiores quis veritatis nulla rerum. Earum nihil rem vitae suscipit rerum ipsum.',	1,	28,	'2017-12-28 06:28:11',	'2017-12-28 06:28:11'),
(183,	'Lora Heller',	'Odit et ad voluptate placeat incidunt voluptatum. Ut reiciendis nihil consequatur maiores. Modi reiciendis a animi explicabo et laboriosam.',	0,	33,	'2017-12-28 06:28:11',	'2017-12-28 06:28:11'),
(184,	'Nash King',	'Voluptas similique velit eius est non nihil. Non rerum aspernatur qui quidem voluptatem. Iste dolore ut velit incidunt nihil. Delectus porro tenetur culpa.',	4,	41,	'2017-12-28 06:28:11',	'2017-12-28 06:28:11'),
(185,	'Santina Feil',	'Iste unde similique autem perferendis rerum commodi. Et autem reiciendis ad fugit omnis corrupti. Suscipit blanditiis quis accusantium nulla ipsa et eum. Voluptas vitae et accusamus facere quod.',	3,	39,	'2017-12-28 06:28:11',	'2017-12-28 06:28:11'),
(186,	'Ms. Amya VonRueden DDS',	'Deserunt enim est laborum numquam. Autem rerum tenetur quia dolorem cum beatae ea. Aut ex esse blanditiis est earum.',	5,	50,	'2017-12-28 06:28:11',	'2017-12-28 06:28:11'),
(187,	'Lorenza Feil IV',	'Et voluptatem amet modi voluptas aut cupiditate. Dolorem illum odio adipisci praesentium. Quis magnam quis non et. Doloremque voluptatem error voluptatem alias officia aut.',	4,	48,	'2017-12-28 06:28:11',	'2017-12-28 06:28:11'),
(188,	'Miss Marietta Gibson II',	'Sit aliquam nesciunt aut harum quos laboriosam. Sed eum vel incidunt suscipit porro qui. Iste architecto praesentium non praesentium quidem maxime neque. Fugit minus sunt quis error.',	5,	21,	'2017-12-28 06:28:12',	'2017-12-28 06:28:12'),
(189,	'Tad Auer',	'Doloremque nemo omnis corporis esse error qui. Sed fugiat et explicabo dignissimos et praesentium. Quam et numquam quia fugit. Officia nihil reiciendis nisi quis vel alias fugiat.',	4,	35,	'2017-12-28 06:28:12',	'2017-12-28 06:28:12'),
(190,	'Jonas Bruen',	'Dolor placeat exercitationem ut. Natus nemo omnis ut et laudantium vitae expedita necessitatibus. Sint doloremque quasi est eveniet sit porro. At qui est delectus aspernatur sequi possimus.',	2,	26,	'2017-12-28 06:28:12',	'2017-12-28 06:28:12'),
(191,	'Unique McGlynn',	'Et qui occaecati autem deserunt. Quia ut quia repellendus qui architecto repellendus error. Minima est architecto vitae aut maiores et non. Voluptas dolorem rerum sunt sed similique veniam in.',	5,	4,	'2017-12-28 06:28:12',	'2017-12-28 06:28:12'),
(192,	'Miss Dana Baumbach I',	'Numquam inventore dolore dolorem autem dolorem. Sit dicta voluptatem impedit aperiam molestiae et dolores. Iusto ut earum fugit.',	3,	11,	'2017-12-28 06:28:12',	'2017-12-28 06:28:12'),
(193,	'Kian Smith',	'Voluptate vitae consequatur necessitatibus. Expedita fuga consequatur qui qui optio consequatur. Cupiditate nostrum dignissimos deserunt voluptas voluptas et aut.',	5,	30,	'2017-12-28 06:28:12',	'2017-12-28 06:28:12'),
(194,	'Ms. Pink Block',	'Reiciendis explicabo aut consequatur vel voluptatum rerum. Non molestiae quidem voluptatem vel quibusdam voluptates assumenda. Ut ea recusandae earum reiciendis.',	5,	44,	'2017-12-28 06:28:12',	'2017-12-28 06:28:12'),
(195,	'Coty Greenholt',	'Amet dicta mollitia architecto dolor rem sed odit. Sapiente est qui autem non corporis. Nihil eaque aut quas distinctio. Beatae aut mollitia delectus repellendus in sunt et.',	5,	6,	'2017-12-28 06:28:12',	'2017-12-28 06:28:12'),
(196,	'Sally White',	'Assumenda laudantium et optio assumenda. Impedit repudiandae vel earum quae. Ea sunt totam fugit natus.',	4,	28,	'2017-12-28 06:28:12',	'2017-12-28 06:28:12'),
(197,	'Gregoria Gusikowski',	'Quae delectus aut et mollitia. Ut voluptas earum ut saepe consequatur quo est quam. Omnis magni placeat dignissimos architecto adipisci aut consequuntur odio. Ducimus asperiores molestiae maiores harum at illo nesciunt.',	1,	32,	'2017-12-28 06:28:12',	'2017-12-28 06:28:12'),
(198,	'Whitney Price',	'Et odit pariatur eius corrupti repellendus sed aut molestiae. Fugiat aliquid ut ipsum vel sed error dolore nobis. Fuga repudiandae est laboriosam veniam tempora.',	1,	31,	'2017-12-28 06:28:12',	'2017-12-28 06:28:12'),
(199,	'Ilene Jones',	'Mollitia excepturi aut est minus cupiditate fuga totam. Ea nesciunt et et aut. Pariatur eius consequatur molestiae quia.',	4,	42,	'2017-12-28 06:28:12',	'2017-12-28 06:28:12'),
(200,	'Kenyatta Kilback MD',	'In cumque aspernatur aut deserunt. Earum odit omnis et soluta numquam odit. Ea laborum minus molestias facere sed perferendis inventore. Eos veritatis facere nihil vel.',	1,	12,	'2017-12-28 06:28:12',	'2017-12-28 06:28:12'),
(201,	'Marlene Runolfsdottir',	'Est sed ad qui quis deserunt mollitia dolores velit. Mollitia et ducimus vel. Tempora corrupti optio nihil aut. Ea nisi perferendis optio accusantium ut omnis officiis.',	1,	4,	'2017-12-28 06:28:12',	'2017-12-28 06:28:12'),
(202,	'Mattie Goyette',	'Quae maxime ex et quis ad ut. Est quibusdam voluptatem esse.',	1,	26,	'2017-12-28 06:28:12',	'2017-12-28 06:28:12'),
(203,	'Wilfred Lindgren',	'Ut eius repudiandae deleniti perspiciatis accusantium. Ut asperiores distinctio consequuntur enim aliquam eaque.',	0,	11,	'2017-12-28 06:28:12',	'2017-12-28 06:28:12'),
(204,	'Elena Mertz III',	'Nobis eum vitae ut omnis harum. Asperiores at maxime esse ea quibusdam quis consequatur distinctio. Quia exercitationem ea excepturi qui doloremque repellendus ut. Beatae odit sunt voluptatem.',	2,	6,	'2017-12-28 06:28:12',	'2017-12-28 06:28:12'),
(205,	'Kaelyn Kuhlman',	'Et ex est enim cupiditate necessitatibus excepturi. Commodi repellendus consequatur voluptatum aliquam natus id beatae ut. Dignissimos deleniti laboriosam aperiam saepe beatae. Nostrum est atque laborum qui quod dolores numquam.',	2,	24,	'2017-12-28 06:28:12',	'2017-12-28 06:28:12'),
(206,	'Madisyn Smith DDS',	'Eos et voluptas ut aperiam. Tenetur dolores architecto et consectetur molestiae maxime. Nemo nostrum non omnis accusamus sapiente autem rerum. Rem odit minus consequuntur libero voluptatibus architecto delectus.',	1,	46,	'2017-12-28 06:28:12',	'2017-12-28 06:28:12'),
(207,	'Dayne Schamberger',	'Quia vero sit inventore dicta consequatur tenetur. Id quaerat et voluptatibus eius. Porro ut sint consequatur molestiae voluptatem. Sapiente in quia similique quos facere.',	2,	22,	'2017-12-28 06:28:12',	'2017-12-28 06:28:12'),
(208,	'Ahmad Schumm',	'Saepe sint harum voluptatem officia nesciunt cum tempore occaecati. Aut ut ut et qui in placeat. Iste et perferendis impedit quisquam et et non aut. Numquam saepe corrupti dignissimos.',	0,	11,	'2017-12-28 06:28:12',	'2017-12-28 06:28:12'),
(209,	'Mr. Wilfrid Bogisich DVM',	'Autem earum mollitia esse modi. Labore sed reiciendis dolores id dolorum quis nihil hic.',	4,	45,	'2017-12-28 06:28:12',	'2017-12-28 06:28:12'),
(210,	'Walton Lubowitz',	'Reiciendis ipsum id reiciendis a facilis cupiditate. Cumque accusamus sed doloribus impedit voluptatem modi. Qui accusamus saepe qui fuga ut adipisci animi.',	1,	12,	'2017-12-28 06:28:12',	'2017-12-28 06:28:12'),
(211,	'Prof. Luis Emmerich Sr.',	'Cum qui non rerum quia. Qui dolor aliquid dolor consequatur reiciendis est vel voluptatibus. A quidem et similique id maxime qui.',	2,	47,	'2017-12-28 06:28:12',	'2017-12-28 06:28:12'),
(212,	'Jazmyne Kling',	'Autem dicta quo placeat et culpa rerum. Dolor tempora dolorem numquam unde optio non placeat reiciendis. Quas provident sint aliquid eaque ipsa nemo.',	4,	40,	'2017-12-28 06:28:13',	'2017-12-28 06:28:13'),
(213,	'Charlotte Kuhlman',	'Blanditiis voluptatem et qui minus neque blanditiis. Et nemo distinctio saepe pariatur dolorem. Vitae corrupti vitae corporis aut reiciendis mollitia. Laborum atque eveniet incidunt in officiis.',	0,	41,	'2017-12-28 06:28:13',	'2017-12-28 06:28:13'),
(214,	'Prof. Paxton Blick V',	'Sit est odit quae pariatur voluptas. Quae culpa est pariatur.',	4,	11,	'2017-12-28 06:28:13',	'2017-12-28 06:28:13'),
(215,	'Ms. Ethelyn Treutel',	'Hic laboriosam nihil quo praesentium aperiam voluptates. Eaque sint quibusdam et molestiae accusantium voluptates asperiores. Nostrum ea ut quisquam cum mollitia amet. Omnis quae enim dolorum quod.',	0,	11,	'2017-12-28 06:28:13',	'2017-12-28 06:28:13'),
(216,	'Craig Ferry',	'Minus nulla impedit rerum dolores voluptate. Suscipit asperiores labore architecto cupiditate saepe voluptatibus aperiam. Molestiae molestiae enim autem et aspernatur velit est. Necessitatibus beatae consectetur unde a.',	4,	48,	'2017-12-28 06:28:13',	'2017-12-28 06:28:13'),
(217,	'Bernhard Skiles',	'In provident consequatur dolore cupiditate. Consequuntur quis consequatur molestiae recusandae maxime. Quia doloremque magni qui pariatur doloremque. Voluptatibus doloremque quam minima aut.',	2,	10,	'2017-12-28 06:28:13',	'2017-12-28 06:28:13'),
(218,	'Lula Bernhard I',	'Est et similique asperiores ducimus dolorem. Quasi exercitationem aut ex molestias sed veniam.',	3,	21,	'2017-12-28 06:28:13',	'2017-12-28 06:28:13'),
(219,	'Mr. Lindsey Lindgren',	'Vel sit quia aspernatur mollitia deleniti aut ipsam. Commodi aliquid est ut enim nulla neque est. Exercitationem atque aut placeat. Voluptas omnis perspiciatis et molestiae eum.',	1,	48,	'2017-12-28 06:28:13',	'2017-12-28 06:28:13'),
(220,	'Bernita Haley',	'Atque maiores maxime impedit voluptates. Non laborum facilis veritatis sint ut. Velit quidem sunt laudantium.',	3,	17,	'2017-12-28 06:28:13',	'2017-12-28 06:28:13'),
(221,	'Miss Dortha Gorczany',	'Sint omnis et cum et debitis voluptatem earum. Nihil voluptatum natus enim nesciunt dicta tempora hic.',	0,	43,	'2017-12-28 06:28:13',	'2017-12-28 06:28:13'),
(222,	'Dawn Considine III',	'Hic ut quis molestias. Sit saepe sed harum qui. Rerum et doloremque autem nobis.',	4,	35,	'2017-12-28 06:28:13',	'2017-12-28 06:28:13'),
(223,	'Ashlynn Jakubowski V',	'Consequatur quas voluptas quo vel. Dolor molestiae est error hic illo. Ipsam minus animi quis illum aperiam nesciunt dolorem quasi.',	3,	28,	'2017-12-28 06:28:13',	'2017-12-28 06:28:13'),
(224,	'Dr. Dereck Sporer',	'Itaque et aliquid iure eius. Mollitia distinctio eum aspernatur eveniet illum laudantium numquam minus. Ad sed commodi ad totam sed.',	2,	30,	'2017-12-28 06:28:13',	'2017-12-28 06:28:13'),
(225,	'Rollin Marvin',	'Ut neque vel consequatur et eius in. Enim id qui laudantium a excepturi et id qui. Rerum et atque eum et eligendi.',	2,	38,	'2017-12-28 06:28:13',	'2017-12-28 06:28:13'),
(226,	'Miss Otha Daugherty',	'Laborum assumenda reprehenderit aperiam omnis. Possimus molestiae qui non et. Voluptatem repellendus amet nihil debitis voluptas voluptate.',	4,	25,	'2017-12-28 06:28:13',	'2017-12-28 06:28:13'),
(227,	'Nayeli Walsh',	'Qui dolorum quam sed minus. Est sequi natus quia nesciunt consectetur. Praesentium exercitationem quae ducimus nostrum.',	5,	30,	'2017-12-28 06:28:13',	'2017-12-28 06:28:13'),
(228,	'Dominique Watsica',	'Aut quas occaecati dolores delectus natus qui officia. Labore cumque sit molestiae recusandae deserunt soluta. Temporibus error distinctio omnis quia quasi repellat iusto. Ex odio ducimus nostrum eum facilis. In ratione est sunt facere.',	5,	16,	'2017-12-28 06:28:13',	'2017-12-28 06:28:13'),
(229,	'Reanna Muller',	'Quasi doloribus ut est aut dolores accusantium. Sint molestias recusandae omnis optio aut sit iste. Consequatur molestiae vero sunt reprehenderit ipsum eos commodi dolor.',	0,	42,	'2017-12-28 06:28:13',	'2017-12-28 06:28:13'),
(230,	'Marquis Watsica',	'Nihil autem est iste aspernatur placeat ut. Veniam minima molestias et molestiae nisi sunt non.',	0,	22,	'2017-12-28 06:28:13',	'2017-12-28 06:28:13'),
(231,	'Maximus Zemlak',	'Velit eos qui aut ut fugiat enim. Qui reiciendis qui ab numquam. Itaque atque ipsa est provident.',	2,	10,	'2017-12-28 06:28:13',	'2017-12-28 06:28:13'),
(232,	'Carissa Kunze',	'Delectus non ullam aut dolores sed eaque. Ab ipsam mollitia excepturi porro dolor iusto. Laborum et explicabo architecto voluptate sint. Quisquam quasi quae hic. Ut iure cum consequatur quia molestias quia neque.',	4,	23,	'2017-12-28 06:28:13',	'2017-12-28 06:28:13'),
(233,	'Ludie Schiller',	'Et eos iusto in est quia soluta natus sequi. Reiciendis tempore ratione ducimus sed adipisci. Impedit recusandae vitae corporis. Ipsa quo alias veniam neque. Expedita laboriosam et provident ipsa officia.',	2,	11,	'2017-12-28 06:28:13',	'2017-12-28 06:28:13'),
(234,	'Dorris Rutherford IV',	'Deleniti recusandae dolorem a ex. Voluptatum sit et voluptas quia distinctio autem iusto. Porro veritatis ut quibusdam sit et.',	4,	21,	'2017-12-28 06:28:14',	'2017-12-28 06:28:14'),
(235,	'Marty Beer',	'Totam laudantium corporis voluptas earum sint corporis. Error sapiente aliquam sed non et. Quasi officia autem provident neque exercitationem sunt quidem consequatur.',	3,	18,	'2017-12-28 06:28:14',	'2017-12-28 06:28:14'),
(236,	'Mrs. Elvie Gaylord V',	'Reprehenderit sit consequatur nihil aliquid quidem fugiat quod. Repudiandae qui quidem ut sed quaerat possimus. Delectus omnis et culpa perspiciatis necessitatibus.',	5,	2,	'2017-12-28 06:28:14',	'2017-12-28 06:28:14'),
(237,	'Dr. Yoshiko Tromp III',	'Ipsa aut in rerum in. Et facilis quis est dolor molestiae non aperiam tempore. Nisi totam amet aut reprehenderit.',	0,	32,	'2017-12-28 06:28:14',	'2017-12-28 06:28:14'),
(238,	'Prof. Imelda Tillman',	'Iste omnis aliquid rem qui. Ea qui dicta quasi omnis animi est quo. Et fugiat dolorem possimus tempora qui.',	3,	5,	'2017-12-28 06:28:14',	'2017-12-28 06:28:14'),
(239,	'Dr. Sam Schroeder',	'Quos culpa voluptatem voluptas ut molestias labore. Doloribus cupiditate voluptas ducimus enim qui aliquam est aliquid. Quaerat inventore non ex et.',	2,	34,	'2017-12-28 06:28:14',	'2017-12-28 06:28:14'),
(240,	'Lina Greenholt',	'Quis est aut autem eligendi odio repellat et. Eos non et voluptatum. Iste quae porro consequatur et commodi fugiat incidunt. Ad dolorem eligendi ex mollitia a ut et aspernatur. Unde a corporis doloribus qui placeat veritatis earum.',	5,	36,	'2017-12-28 06:28:14',	'2017-12-28 06:28:14'),
(241,	'Prof. Pierre Kemmer',	'Animi ipsam rerum autem officia reiciendis molestiae voluptatum. Voluptatem est voluptas architecto id. Alias et voluptas et et repellendus. Quasi impedit eos quia.',	3,	39,	'2017-12-28 06:28:14',	'2017-12-28 06:28:14'),
(242,	'Ilene Medhurst',	'Perferendis officiis optio ullam iure. Sed iste est consequuntur eveniet nulla voluptas aliquam. Maxime omnis illum consequatur. Repudiandae et qui totam excepturi exercitationem alias deleniti.',	5,	49,	'2017-12-28 06:28:14',	'2017-12-28 06:28:14'),
(243,	'Reymundo Braun IV',	'Ducimus aspernatur autem beatae. Fugiat nam ut at consequuntur sunt dignissimos. Consequatur numquam non facilis debitis non. Eligendi qui sunt quaerat impedit.',	4,	7,	'2017-12-28 06:28:14',	'2017-12-28 06:28:14'),
(244,	'Meaghan Ortiz',	'Hic ea velit voluptatem et nam ad placeat magni. Dolore asperiores enim quia ea commodi quos saepe. Sit voluptatem unde aut reiciendis aut et blanditiis.',	0,	11,	'2017-12-28 06:28:14',	'2017-12-28 06:28:14'),
(245,	'Mrs. Janiya Hansen',	'Id deleniti aut omnis reiciendis porro. Animi culpa nisi quod. Velit sint est maiores culpa nesciunt sed odit. At est id qui dignissimos aperiam voluptatem possimus.',	0,	7,	'2017-12-28 06:28:14',	'2017-12-28 06:28:14'),
(246,	'Buck Aufderhar',	'Debitis cumque porro accusantium. Nam aut quaerat aut aliquam omnis et. Eveniet et consequatur magnam delectus quisquam fugiat.',	4,	29,	'2017-12-28 06:28:14',	'2017-12-28 06:28:14'),
(247,	'Fredy Runolfsson',	'Enim nihil magnam rerum consequatur. Aut ipsa similique excepturi aliquam corrupti quibusdam dolorum. Velit soluta officiis deserunt nam voluptatem. Dignissimos sit dolor dignissimos eaque.',	2,	2,	'2017-12-28 06:28:14',	'2017-12-28 06:28:14'),
(248,	'Nicole Klocko',	'Impedit blanditiis assumenda velit sunt nulla fugiat. Rem qui sed corporis ullam. Autem at libero quia et. Sunt optio dolor atque earum atque voluptatibus.',	2,	9,	'2017-12-28 06:28:14',	'2017-12-28 06:28:14'),
(249,	'Tess Price',	'Et qui voluptatem cum nostrum optio eaque. Laudantium et qui mollitia molestias qui quo. Et et iste cum.',	0,	5,	'2017-12-28 06:28:14',	'2017-12-28 06:28:14'),
(250,	'Mr. Bryce Harris Sr.',	'Recusandae aperiam nisi cupiditate. Sint reiciendis expedita minus est. Excepturi nostrum iusto aliquid velit. Aspernatur amet rerum dolorem fugit eum possimus.',	4,	33,	'2017-12-28 06:28:14',	'2017-12-28 06:28:14'),
(251,	'Dr. Rory Welch',	'Et molestias aliquam minus ab. Recusandae temporibus non similique. Veritatis consequatur vel officiis.',	4,	26,	'2017-12-28 06:28:14',	'2017-12-28 06:28:14'),
(252,	'Carey Moore',	'Est nesciunt rem est id dolores. Inventore commodi dolores saepe optio non. Amet quidem architecto incidunt nulla vel laborum.',	1,	30,	'2017-12-28 06:28:14',	'2017-12-28 06:28:14'),
(253,	'Mr. Eric Botsford Sr.',	'Necessitatibus hic magnam sint quos sint quo. Est veniam voluptates repudiandae suscipit. Maiores et voluptatem neque optio. Voluptas odit quos est consequatur. Voluptas aliquam omnis qui magnam ipsam commodi facilis.',	2,	32,	'2017-12-28 06:28:14',	'2017-12-28 06:28:14'),
(254,	'Frankie Rogahn I',	'Beatae dolores aut distinctio. Nisi libero magni voluptates. Omnis quaerat molestiae vel sed rerum laboriosam pariatur quia. Provident itaque ea odit et aliquam.',	5,	14,	'2017-12-28 06:28:14',	'2017-12-28 06:28:14'),
(255,	'Dr. Stewart Schneider',	'Nemo omnis odit et minus saepe id quo minus. Ratione temporibus impedit cupiditate alias asperiores tenetur. Expedita quia voluptatem ad quo explicabo voluptatem aut nesciunt.',	5,	24,	'2017-12-28 06:28:15',	'2017-12-28 06:28:15'),
(256,	'Maye Bayer DVM',	'Corrupti cum quae soluta recusandae. Laborum eos maiores ipsam eligendi dolores pariatur eveniet ut. Consequatur doloribus consectetur debitis labore accusantium cumque.',	4,	45,	'2017-12-28 06:28:15',	'2017-12-28 06:28:15'),
(257,	'Orin Rippin',	'Accusantium id dolorum modi odio in voluptatem consequatur. Pariatur ut distinctio id modi quidem voluptates. Consequatur et quae sit fugiat aut sunt aut reprehenderit.',	3,	38,	'2017-12-28 06:28:15',	'2017-12-28 06:28:15'),
(258,	'Charley McCullough',	'Optio hic fuga ipsa nihil error id autem. Doloribus assumenda pariatur minima voluptatum dolorem sit dolorem.',	4,	32,	'2017-12-28 06:28:15',	'2017-12-28 06:28:15'),
(259,	'Marco Conn',	'Quidem a expedita in nisi laboriosam culpa. Et quasi eum officiis necessitatibus. Praesentium dolorem minima odio. Itaque quidem sit nostrum similique repellendus enim eligendi eaque.',	2,	9,	'2017-12-28 06:28:15',	'2017-12-28 06:28:15'),
(260,	'Prof. Rogelio Fay DVM',	'Quisquam explicabo iusto est rerum et. Quo inventore voluptas nihil voluptas praesentium. Distinctio qui amet animi labore magnam.',	2,	49,	'2017-12-28 06:28:15',	'2017-12-28 06:28:15'),
(261,	'Mozelle Harvey IV',	'Consequatur sapiente aut non placeat reiciendis illo. Nihil ut enim placeat dolorem et. Beatae modi non ab alias. Dicta sed placeat autem quia.',	0,	4,	'2017-12-28 06:28:15',	'2017-12-28 06:28:15'),
(262,	'Sim Effertz',	'Recusandae hic vero aut officiis atque dicta dolores. Maxime quas voluptates eaque laboriosam et. Ex aut impedit quis mollitia saepe. Qui qui aliquam necessitatibus laborum.',	3,	49,	'2017-12-28 06:28:15',	'2017-12-28 06:28:15'),
(263,	'Nelson Miller',	'Quam in voluptas non ab. Voluptas est molestias ea amet officiis tempora. Quia ut architecto voluptatem fuga iusto alias.',	2,	22,	'2017-12-28 06:28:15',	'2017-12-28 06:28:15'),
(264,	'Elsie Pacocha',	'Non voluptatem corrupti dolorem sed maxime. Est consequatur perspiciatis adipisci totam corporis rerum. Tenetur velit harum distinctio est est libero distinctio.',	1,	23,	'2017-12-28 06:28:15',	'2017-12-28 06:28:15'),
(265,	'Mrs. Jena Miller',	'In soluta necessitatibus autem esse. Harum est repellat enim consequuntur. Non temporibus ut ullam veniam. Suscipit rerum dolorem nemo consectetur veniam doloremque eum. Necessitatibus sint voluptatum quae ut id dignissimos suscipit.',	2,	18,	'2017-12-28 06:28:15',	'2017-12-28 06:28:15'),
(266,	'Breanna Rogahn',	'Delectus impedit dolores ullam voluptas sed. Nihil omnis et laborum sapiente.',	4,	36,	'2017-12-28 06:28:15',	'2017-12-28 06:28:15'),
(267,	'Noelia Carroll',	'Laboriosam corrupti enim omnis velit voluptatem. Atque rerum ipsum velit. Inventore sed dolores quibusdam quae eum facilis aut et. Illum sit magnam omnis id et quia unde.',	4,	47,	'2017-12-28 06:28:15',	'2017-12-28 06:28:15'),
(268,	'Talia Gerhold',	'Eius asperiores aliquam quasi quasi dolorem excepturi aut. Fugiat in alias harum qui est accusamus. Dolor est beatae excepturi necessitatibus in.',	0,	9,	'2017-12-28 06:28:15',	'2017-12-28 06:28:15'),
(269,	'Dr. Sister Will I',	'Quas laudantium dicta architecto nulla ullam qui. Enim laborum omnis eum ut quis. Modi eveniet tempora et.',	2,	16,	'2017-12-28 06:28:15',	'2017-12-28 06:28:15'),
(270,	'Audreanne Nienow',	'Veniam velit animi dolore. Ducimus ea et veritatis vitae et. Est repellat dolore quibusdam occaecati non veritatis. Eius rerum sit quis aspernatur eos laborum voluptate molestiae.',	2,	10,	'2017-12-28 06:28:15',	'2017-12-28 06:28:15'),
(271,	'Freida Hansen',	'Architecto qui dolor tenetur cumque labore alias alias hic. Qui mollitia inventore qui est hic. Numquam saepe consequatur eius quo in omnis nihil qui. Quibusdam nihil non explicabo cumque.',	3,	21,	'2017-12-28 06:28:15',	'2017-12-28 06:28:15'),
(272,	'Markus Reichert IV',	'Et illo fugiat laborum hic qui quod rem. Ab magnam repellendus fugiat et sed atque. Quidem mollitia quis necessitatibus dolores. Aut est dolor architecto nam dignissimos perferendis perspiciatis.',	0,	34,	'2017-12-28 06:28:15',	'2017-12-28 06:28:15'),
(273,	'Marlin Buckridge',	'Consectetur quasi voluptatem et aspernatur labore autem omnis corporis. Eveniet excepturi distinctio vero eum. Ea magni aliquam accusantium dolorem optio voluptas in. Rem rerum a ea.',	1,	34,	'2017-12-28 06:28:15',	'2017-12-28 06:28:15'),
(274,	'Claud Beier',	'Omnis neque ipsa odit. Illum harum aliquam eius voluptatum. Quas et qui sequi sunt ipsum quia qui vel.',	2,	9,	'2017-12-28 06:28:15',	'2017-12-28 06:28:15'),
(275,	'Tamara VonRueden',	'Dolores totam vel voluptas itaque rerum minima qui quo. Harum consequatur ex explicabo. Est ut ad repellat adipisci quo.',	5,	45,	'2017-12-28 06:28:15',	'2017-12-28 06:28:15'),
(276,	'Mrs. Ashlynn Lowe',	'Sint ipsum aut dignissimos non molestiae distinctio. Illum tenetur iusto nihil debitis. Temporibus voluptatem deleniti voluptatum voluptatem.',	2,	45,	'2017-12-28 06:28:15',	'2017-12-28 06:28:15'),
(277,	'Courtney Grant',	'Praesentium nisi sit enim ab. Ipsam culpa sed sapiente culpa eaque laboriosam assumenda. Dolorem voluptatum blanditiis exercitationem odio id sit suscipit.',	1,	28,	'2017-12-28 06:28:15',	'2017-12-28 06:28:15'),
(278,	'Prof. Brandt Ledner IV',	'Sunt quaerat temporibus quae veritatis. Ut ducimus nihil esse vero. Odit explicabo nesciunt accusantium sint qui. Velit molestias et rerum dignissimos quos dolore.',	3,	11,	'2017-12-28 06:28:15',	'2017-12-28 06:28:15'),
(279,	'Alberta Torphy',	'Consequatur rem qui molestiae iste molestiae quidem. Vel aut accusamus possimus numquam voluptatem quae officia. Et esse facilis molestiae tempore sint.',	0,	21,	'2017-12-28 06:28:15',	'2017-12-28 06:28:15'),
(280,	'Giovani Beer',	'Porro ad facere perferendis minima natus qui. Eos error alias numquam quo. Corrupti possimus odio voluptas est beatae ipsa. Voluptatem sed odit repellat.',	0,	45,	'2017-12-28 06:28:16',	'2017-12-28 06:28:16'),
(281,	'Prof. Tanner Senger Sr.',	'Voluptatum harum aut sed consequatur eos nesciunt. Ullam optio quis accusamus hic quis amet rerum ab. Excepturi eaque sequi nulla voluptatem quidem. Voluptatem distinctio ut nihil minus molestiae.',	0,	41,	'2017-12-28 06:28:16',	'2017-12-28 06:28:16'),
(282,	'Aubree Tremblay',	'Aperiam et similique sunt qui est. Ducimus veritatis vero et tenetur est. Laborum commodi illo voluptatem dignissimos autem.',	5,	50,	'2017-12-28 06:28:16',	'2017-12-28 06:28:16'),
(283,	'Mr. Zane Walter I',	'Hic quo ab quasi dolores eum in. Mollitia commodi delectus corrupti pariatur suscipit corrupti. Voluptas alias voluptate et velit deserunt aliquid ea. Ut cumque repudiandae a harum placeat.',	1,	44,	'2017-12-28 06:28:16',	'2017-12-28 06:28:16'),
(284,	'Efren Moen',	'Labore consequatur possimus ipsam est vel corporis facere. Similique voluptatem fugiat ratione quisquam accusamus dignissimos delectus. Nihil assumenda sunt dolor qui eveniet debitis vel. Autem maxime ipsum ut error ut ab.',	5,	12,	'2017-12-28 06:28:16',	'2017-12-28 06:28:16'),
(285,	'Orlando Pfeffer',	'Quas deleniti rerum quia non odio necessitatibus sequi. Qui sit deserunt esse sunt. Voluptas dolorum quia minima non nihil dolorem sit.',	3,	14,	'2017-12-28 06:28:16',	'2017-12-28 06:28:16'),
(286,	'Jazmyne Jones',	'Dolorem saepe et aut rerum. Accusantium velit eos molestiae autem et eum. Alias est rerum vitae et omnis rerum.',	4,	41,	'2017-12-28 06:28:16',	'2017-12-28 06:28:16'),
(287,	'Donna Reilly',	'Eos quasi nostrum aut aliquam tempore neque aut. Et sint voluptatem quis et sit. Ut laudantium eum itaque provident quas voluptatem blanditiis. Adipisci ea ipsam ratione sit alias voluptas.',	0,	20,	'2017-12-28 06:28:16',	'2017-12-28 06:28:16'),
(288,	'Kamren Koepp',	'Voluptatem atque rerum ut temporibus et rerum. Optio voluptas dolorem illo aut soluta. Quaerat sed qui fuga labore dicta consectetur. Velit ut quaerat facere ipsum quo ut magni.',	3,	28,	'2017-12-28 06:28:16',	'2017-12-28 06:28:16'),
(289,	'Ms. Margaretta Jones',	'Vitae eveniet aut voluptatem ratione. Quos eligendi et nobis est maiores nesciunt est. Ab aut non dignissimos rerum a pariatur itaque.',	0,	10,	'2017-12-28 06:28:16',	'2017-12-28 06:28:16'),
(290,	'Katelyn Hoppe',	'Voluptatum consequuntur labore fugit consequuntur voluptas corrupti. Sed quo perspiciatis aliquam repellat.',	3,	33,	'2017-12-28 06:28:16',	'2017-12-28 06:28:16'),
(291,	'Dr. Nicola Ankunding',	'Sint sequi inventore aut laudantium similique. Facere ducimus iste sapiente deserunt minus esse. Qui at non voluptates veritatis placeat maiores. Eos iure et assumenda ducimus similique magnam.',	5,	42,	'2017-12-28 06:28:16',	'2017-12-28 06:28:16'),
(292,	'Renee Fadel',	'Quo consectetur eos sequi qui qui tempora. Dolorem ipsa amet eos sunt culpa et quasi voluptas. Aliquam ea quod tempore fuga. Ut illum et id ipsa.',	4,	12,	'2017-12-28 06:28:16',	'2017-12-28 06:28:16'),
(293,	'Adolph Cronin',	'Dolorem molestiae non expedita cupiditate qui repellat. Ipsam sed consequatur recusandae facilis et neque magni. Id ullam magnam corporis saepe libero.',	3,	21,	'2017-12-28 06:28:16',	'2017-12-28 06:28:16'),
(294,	'Garrick Torphy',	'Quam accusamus neque neque qui unde optio consequatur. Doloremque magnam amet qui rerum enim rerum id ut. Distinctio ipsam nemo dicta. Dolorem nemo officia qui corporis neque expedita.',	1,	30,	'2017-12-28 06:28:16',	'2017-12-28 06:28:16'),
(295,	'Dr. Joel Goldner',	'Maiores delectus ratione distinctio odit similique distinctio. Soluta qui est dignissimos odio ab illum voluptas ut. Perspiciatis pariatur tempora adipisci et ratione.',	5,	15,	'2017-12-28 06:28:16',	'2017-12-28 06:28:16'),
(296,	'Kacey Hayes',	'Sunt cupiditate praesentium sint modi. Inventore at assumenda eaque blanditiis praesentium sapiente qui. Amet repellat et cum eos ipsa.',	1,	15,	'2017-12-28 06:28:16',	'2017-12-28 06:28:16'),
(297,	'Cale Predovic',	'Consequatur modi hic aut ut quis. Corporis aperiam nesciunt enim. Libero ex sit enim sint nam iusto.',	1,	14,	'2017-12-28 06:28:16',	'2017-12-28 06:28:16'),
(298,	'Ada Mayert',	'Repellat et hic non dolor et. Placeat cum incidunt qui adipisci excepturi inventore aut. Distinctio exercitationem veritatis sit similique expedita. Minus optio omnis assumenda eligendi officia optio maiores.',	5,	19,	'2017-12-28 06:28:16',	'2017-12-28 06:28:16'),
(299,	'Pascale Murphy',	'Non fugit dolores repellat molestiae sit dolor fuga. Et commodi explicabo numquam. Atque minima voluptas nisi officia error. Nihil eveniet enim iure reprehenderit velit saepe quam tempore.',	2,	20,	'2017-12-28 06:28:16',	'2017-12-28 06:28:16'),
(300,	'Brennon Crooks',	'Eum enim ad nobis ullam et. Sint sunt distinctio aut facere saepe ex ipsum. Quia minima adipisci rerum et quia. Quas quasi voluptas eum dolores dolores ut.',	1,	12,	'2017-12-28 06:28:16',	'2017-12-28 06:28:16');

DROP TABLE IF EXISTS `users`;
CREATE TABLE `users` (
  `id` int(10) unsigned NOT NULL AUTO_INCREMENT,
  `name` varchar(255) COLLATE utf8mb4_unicode_ci NOT NULL,
  `email` varchar(255) COLLATE utf8mb4_unicode_ci NOT NULL,
  `password` varchar(255) COLLATE utf8mb4_unicode_ci NOT NULL,
  `remember_token` varchar(100) COLLATE utf8mb4_unicode_ci DEFAULT NULL,
  `created_at` timestamp NULL DEFAULT NULL,
  `updated_at` timestamp NULL DEFAULT NULL,
  PRIMARY KEY (`id`),
  UNIQUE KEY `users_email_unique` (`email`)
) ENGINE=InnoDB DEFAULT CHARSET=utf8mb4 COLLATE=utf8mb4_unicode_ci;


-- 2017-12-28 12:09:02
